Leaf No.,Spot,Leaf weight (mg),Mean leaf weight (mg),A1,A2,A3,A1,A2,A3,A647,A664,Chlorophyll a (µg),Chlorophyll b (µg),Total Chlorophyll (µg),Avg Chlorophyll a ,Avg Chlorophyll b,Avg Total Chlorophyll,Chlorophyll a STD,Chlorophyll b STD,Total Chlorophyll STD,Total Chlorophyll (µg/mg),Chlorophyll a (µg/mg),Chlorophyll b (µg/mg),Total Chlorophyll (µg/cm2),Chlorophyll a (µg/cm2),Chlorophyll b (µg/cm2)
1,A,3.3,3.17,0.0491,0.0432,0.0417,0.1244,0.1182,0.1168,0.0447,0.1198,5.5229,1.4723,6.9951,5.5502,1.272,6.8222,0.1412,0.1991,0.2803,2.119739798,1.673598384,0.446141414,24.74054373,19.53340407,5.207139657
,B,3.1,,0.0387,0.0397,0.0405,0.1166,0.1164,0.117,0.0396,0.1167,5.4247,1.0742,6.4988,,,,,,,2.096388387,1.749887742,0.346500645,22.98508877,19.18600835,3.799080427
,C,3.1,,0.0438,0.043,0.043,0.1245,0.1226,0.122,0.0433,0.123,5.7031,1.2696,6.9727,,,,,,,2.249251613,1.839708387,0.409543226,24.66110207,20.17081418,4.490287897
2,A,2.8,2.63,0.0144,0.013,0.0138,0.0429,0.042,0.0429,0.0137,0.0426,1.9896,0.3235,2.3131,1.982,0.3542,2.3361,0.0179,0.0363,0.046,0.826112381,0.710573333,0.115539048,8.181066233,7.036872509,1.144193723
,B,2.6,,0.0138,0.0137,0.014,0.0422,0.0419,0.0421,0.0138,0.0421,1.9614,0.3448,2.3062,,,,,,,0.887001538,0.754401538,0.1326,8.156624461,6.937270991,1.21935347
,C,2.5,,0.0141,0.0141,0.0155,0.043,0.0422,0.0435,0.0146,0.0429,1.9948,0.3943,2.3891,,,,,,,0.955651733,0.797922667,0.157729067,8.449916295,7.05526868,1.394647615
3,A,3,3.03,0.013,0.0127,0.0125,0.0403,0.0394,0.0393,0.0127,0.0397,1.8533,0.2962,2.1494,1.9309,0.3476,2.2785,0.0761,0.0654,0.1124,0.716477333,0.617752,0.098725333,7.602150386,6.554629695,1.04752069
,B,2.8,,0.0147,0.0147,0.0143,0.0421,0.0418,0.0412,0.0146,0.0417,1.9341,0.4212,2.3553,,,,,,,0.841191905,0.690762381,0.150429524,8.330400132,6.840682842,1.48971729
,C,3.3,,0.0141,0.0138,0.0136,0.0432,0.0431,0.0425,0.0138,0.0429,2.0053,0.3253,2.3306,,,,,,,0.706245253,0.607655354,0.098589899,8.24294169,7.092249652,1.150692037
4,A,2.9,2.8,0.0051,0.0059,0.0057,0.0194,0.0198,0.0198,0.0056,0.0197,0.9278,0.0774,1.0052,1.0708,0.094,1.1648,0.125,0.015,0.1387,0.346606437,0.31992046,0.026685977,3.555063545,3.281351536,0.273712009
,B,2.8,,0.007,0.0071,0.0068,0.0248,0.0245,0.0244,0.007,0.0246,1.1588,0.0979,1.2567,,,,,,,0.448805238,0.41384619,0.034959048,4.444559195,4.098356558,0.346202636
,C,2.7,,0.0065,0.0067,0.0075,0.0234,0.0236,0.0247,0.0069,0.0239,1.1259,0.1066,1.2325,,,,,,,0.456472593,0.416985185,0.039487407,4.359043644,3.981962227,0.377081418
5,A,3.1,3.1,0.0374,0.0365,0.0375,0.1085,0.1065,0.1069,0.0371,0.1073,4.981,1.0514,6.0323,5.2168,1.1087,6.3255,0.2069,0.0537,0.2595,1.945915699,1.606765591,0.339150108,21.33528566,17.61679753,3.718488128
,B,3.3,,0.04,0.0394,0.0391,0.1153,0.1137,0.1136,0.0395,0.1142,5.3015,1.117,6.4185,,,,,,,1.945009697,1.606524848,0.338484848,22.7011813,18.75055528,3.950626017
,C,2.9,,0.0393,0.0405,0.0411,0.1158,0.1155,0.1158,0.0403,0.1157,5.3678,1.1578,6.5256,,,,,,,2.25021931,1.850966897,0.399252414,23.07998868,18.9849473,4.095041381
6,A,2.6,2.5,0.0108,0.0112,0.0094,0.0362,0.0359,0.0349,0.0105,0.0357,1.6781,0.1749,1.853,1.6811,0.197,1.8781,0.0388,0.0329,0.0689,0.71269641,0.645432821,0.06726359,6.553761996,5.935224352,0.618537644
,B,2.5,,0.011,0.0118,0.0113,0.0365,0.037,0.0367,0.0114,0.0367,1.7213,0.2347,1.956,,,,,,,0.782408,0.6885168,0.0938912,6.918087289,6.087897008,0.830190281
,C,2.4,,0.0108,0.0107,0.0096,0.0358,0.0351,0.034,0.0104,0.035,1.6439,0.1813,1.8252,,,,,,,0.760496111,0.684970556,0.075525556,6.455367711,5.814279314,0.641088397
7,A,2.7,2.8,0.0114,0.0111,0.0113,0.0368,0.0361,0.0363,0.0113,0.0364,1.7056,0.2329,1.9385,1.7012,0.2222,1.9234,0.0633,0.0475,0.1105,0.717972346,0.631716543,0.086255802,6.856211832,6.032519865,0.823691967
,B,2.7,,0.0101,0.0103,0.0102,0.0346,0.035,0.0347,0.0102,0.0348,1.6358,0.1702,1.806,,,,,,,0.668905679,0.605855802,0.063049877,6.387654146,5.785565066,0.602089081
,C,3,,0.0121,0.0117,0.0119,0.0381,0.0375,0.0374,0.0119,0.0377,1.7621,0.2634,2.0255,,,,,,,0.675181778,0.587367556,0.087814222,7.163985758,6.23223692,0.931748839
8,A,2.2,2.3,0.0046,0.0046,0.005,0.0167,0.016,0.0166,0.0047,0.0164,0.7743,0.0723,0.8465,0.8341,0.0682,0.9023,0.0672,0.0267,0.0843,0.384791515,0.351935758,0.032855758,2.994062861,2.738412204,0.255650657
,B,2.5,,0.0045,0.0048,0.0045,0.0174,0.0177,0.0169,0.0046,0.0173,0.8214,0.0397,0.8611,,,,,,,0.344429867,0.328542933,0.015886933,3.04546462,2.90499163,0.14047299
,C,2.2,,0.0058,0.0055,0.0056,0.0194,0.0194,0.019,0.0056,0.0193,0.9067,0.0926,0.9993,,,,,,,0.454227273,0.412158182,0.042069091,3.534342505,3.2070029,0.327339605
9,A,3,3.1,0.0123,0.0121,0.0121,0.0375,0.0373,0.0374,0.0122,0.0374,1.7454,0.2942,2.0397,1.7094,0.2615,1.9708,0.0491,0.0392,0.0882,0.679885778,0.581810222,0.098075556,7.213897338,6.173271085,1.040626253
,B,3,,0.0107,0.0108,0.011,0.0352,0.0352,0.0354,0.0108,0.0353,1.6535,0.218,1.8715,,,,,,,0.623825333,0.551172,0.072653333,6.619070524,5.848185612,0.770884912
,C,3.3,,0.0118,0.0118,0.0119,0.0371,0.0369,0.037,0.0118,0.037,1.7292,0.2722,2.0014,,,,,,,0.606474747,0.52399798,0.082476768,7.078470208,6.115842588,0.96262762
10,A,3,2.8,0.0373,0.0368,0.0362,0.1083,0.107,0.1066,0.0368,0.1073,4.9854,1.0173,6.0026,5.0115,1.0574,6.0688,0.0998,0.0386,0.1277,2.000869778,1.661786222,0.339083556,21.23013841,17.63230766,3.597830751
,B,2.6,,0.0384,0.0383,0.0383,0.1109,0.1103,0.1099,0.0383,0.1104,5.1217,1.0943,6.216,,,,,,,2.390766154,1.969873846,0.420892308,21.98483412,18.11442314,3.870410978
,C,2.8,,0.0368,0.0372,0.0369,0.1065,0.1064,0.1057,0.037,0.1062,4.9274,1.0605,5.9878,,,,,,,2.138517619,1.759768095,0.378749524,21.17793497,17.4271439,3.750791068
11,A,2.7,3,0.021,0.0209,0.0209,0.0649,0.0643,0.0638,0.0209,0.0643,3.0023,0.5066,3.5089,2.994,0.4888,3.4828,0.0592,0.0154,0.0632,1.299593086,1.111974321,0.187618765,12.41034637,10.61869798,1.791648393
,B,3.2,,0.0205,0.0206,0.0197,0.0634,0.0631,0.0618,0.0203,0.0628,2.9311,0.4796,3.4107,,,,,,,1.065853333,0.915966667,0.149886667,12.06313456,10.36674448,1.696390087
,C,3.1,,0.0207,0.0208,0.0211,0.0653,0.0652,0.0652,0.0209,0.0652,3.0486,0.4802,3.5288,,,,,,,1.138335484,0.983429677,0.154905806,12.48086581,10.78245738,1.698408432
12,A,2.4,2.4,0.0297,0.0294,0.03,0.0874,0.0865,0.0869,0.0297,0.0869,4.0401,0.816,4.8561,4.1581,0.8671,5.0251,0.109,0.0447,0.153,2.023382778,1.683390556,0.339992222,17.17520926,14.28923157,2.885977694
,B,2.3,,0.0317,0.0309,0.031,0.0913,0.0894,0.0894,0.0312,0.09,4.1789,0.8861,5.065,,,,,,,2.202188986,1.816927536,0.385261449,17.91410719,14.7801278,3.133979392
,C,2.5,,0.0318,0.0317,0.0317,0.0918,0.0916,0.0916,0.0317,0.0917,4.2551,0.8991,5.1543,,,,,,,2.0617088,1.7020544,0.3596544,18.22972342,15.04964278,3.180080639
13,A,2.7,2.77,0.0151,0.0135,0.0139,0.0446,0.0432,0.0428,0.0142,0.0435,2.0316,0.3429,2.3745,2.0212,0.3372,2.3584,0.0338,0.0133,0.0246,0.879456296,0.752448889,0.127007407,8.39828818,7.185442456,1.212845724
,B,2.8,,0.0151,0.013,0.0138,0.0439,0.0416,0.0421,0.014,0.0425,1.9834,0.3467,2.3302,,,,,,,0.832198571,0.708372857,0.123825714,8.241338332,7.015080993,1.226257339
,C,2.8,,0.0138,0.0141,0.0141,0.044,0.0438,0.0437,0.014,0.0438,2.0486,0.3219,2.3705,,,,,,,0.84662419,0.73164781,0.114976381,8.384196553,7.245574969,1.138621584
14,A,2.8,2.87,0.0341,0.0348,0.0346,0.1016,0.1012,0.1014,0.0345,0.1014,4.7142,0.9385,5.6527,4.7717,0.9569,5.7286,0.0668,0.0172,0.0759,2.018815714,1.68363,0.335185714,19.99251609,16.6731414,3.319374691
,B,2.8,,0.0354,0.035,0.0349,0.1034,0.1022,0.1015,0.0351,0.1024,4.7559,0.9727,5.7286,,,,,,,2.045911905,1.698522381,0.347389524,20.26085214,16.82062201,3.440230129
,C,3,,0.0359,0.035,0.0353,0.1051,0.1037,0.1038,0.0354,0.1042,4.845,0.9595,5.8045,,,,,,,1.934834667,1.614989333,0.319845333,20.52947584,17.13577138,3.393704463
15,A,2.8,2.9,0.0067,0.0068,0.0075,0.0237,0.0235,0.0242,0.007,0.0238,1.1196,0.1182,1.2378,1.162,0.1306,1.2926,0.0372,0.0233,0.0545,0.44206,0.39986,0.0422,4.377760487,3.959850039,0.417910448
,B,2.6,,0.008,0.0078,0.0076,0.0255,0.0255,0.0251,0.0078,0.0254,1.1893,0.1575,1.3467,,,,,,,0.517980513,0.457404103,0.06057641,4.763207658,4.206163495,0.557044163
,C,3.3,,0.0075,0.0071,0.0072,0.0255,0.0247,0.0248,0.0073,0.025,1.1771,0.1161,1.2932,,,,,,,0.391873131,0.356694141,0.03517899,4.573747377,4.163155785,0.410591592
16,A,2.4,2.47,0.0105,0.0132,0.013,0.0389,0.0413,0.0411,0.0122,0.0404,1.898,0.2325,2.1305,1.9627,0.2857,2.2484,0.0592,0.0494,0.1086,0.887700556,0.790832778,0.096867778,7.535125321,6.712876376,0.822248945
,B,2.4,,0.0146,0.0125,0.0129,0.0437,0.0414,0.0416,0.0133,0.0422,1.9759,0.2945,2.2704,,,,,,,0.945982222,0.823271111,0.122711111,8.029841315,6.988224753,1.041616562
,C,2.6,,0.0139,0.0139,0.014,0.0435,0.0429,0.043,0.0139,0.0431,2.0142,0.3302,2.3443,,,,,,,0.901672821,0.774684103,0.126988718,8.291537573,7.123783924,1.167753649
17,A,4,4.07,0.0582,0.0567,0.0566,0.1599,0.1585,0.1588,0.0572,0.1591,7.3587,1.7557,9.1144,7.3889,1.7267,9.1156,0.0317,0.0379,0.0105,2.278597667,1.839674333,0.438923333,32.23594351,26.02637523,6.209568272
,B,3.8,,0.0577,0.0568,0.0569,0.1609,0.1593,0.1586,0.0571,0.1596,7.3861,1.7406,9.1267,,,,,,,2.401764912,1.943700351,0.458064561,32.27950296,26.12315673,6.156346231
,C,4.4,,0.0571,0.0563,0.0566,0.1615,0.1595,0.1596,0.0567,0.1602,7.422,1.6838,9.1058,,,,,,,2.069492121,1.686813333,0.382678788,32.20543727,26.25018981,5.955247459
18,A,3.1,2.87,0.0388,0.0393,0.0388,0.1114,0.111,0.1109,0.039,0.1111,5.1512,1.1368,6.288,5.0459,1.1152,6.1611,0.123,0.0656,0.1823,2.028384946,1.661669247,0.366715699,22.23948976,18.21876872,4.020721039
,B,3.1,,0.0362,0.037,0.0368,0.1064,0.1056,0.1054,0.0367,0.1058,4.9107,1.0415,5.9523,,,,,,,1.920084301,1.584101505,0.335982796,21.05206668,17.36830539,3.683761288
,C,2.4,,0.0392,0.0388,0.0388,0.1107,0.1093,0.1088,0.0389,0.1096,5.0757,1.1673,6.2431,,,,,,,2.601271111,2.114888889,0.486382222,22.08053571,17.95194643,4.128589281
19,A,4,4.1,0.0747,0.074,0.0741,0.2089,0.2058,0.2054,0.0743,0.2067,9.5625,2.2797,11.8422,9.638,2.3311,11.9691,0.0655,0.0504,0.1116,2.960553333,2.390630667,0.569922667,41.88375657,33.82090495,8.062851619
,B,4.2,,0.0752,0.0758,0.0754,0.2102,0.2099,0.2078,0.0755,0.2093,9.6796,2.3331,12.0127,,,,,,,2.860172698,2.304673016,0.555499683,42.48682653,34.23508052,8.251746009
,C,4.1,,0.0762,0.076,0.0757,0.2108,0.209,0.208,0.076,0.2093,9.672,2.3804,12.0523,,,,,,,2.93959187,2.359014959,0.580576911,42.62688925,34.20796963,8.41891962
20,A,4.1,4.37,0.0822,0.0823,0.0822,0.227,0.2247,0.2233,0.0822,0.225,10.3925,2.611,13.0035,10.5712,2.6546,13.2259,0.1592,0.0384,0.1976,3.171580163,2.534753496,0.636826667,45.99094103,36.75634623,9.234594799
,B,4.6,,0.0843,0.0839,0.084,0.2321,0.229,0.2289,0.0841,0.23,10.6234,2.6696,13.2929,,,,,,,2.889766377,2.309426667,0.58033971,47.01466129,37.57290326,9.441758034
,C,4.4,,0.0845,0.0847,0.0846,0.2339,0.2307,0.2302,0.0846,0.2316,10.6979,2.6833,13.3812,,,,,,,3.041187273,2.431336364,0.609850909,47.32695763,37.83645752,9.490500106
21,A,3.6,4.03,0.0725,0.0723,0.0715,0.2002,0.1977,0.1963,0.0721,0.1981,9.1519,2.2715,11.4234,9.1947,2.2272,11.4219,0.0546,0.0385,0.037,3.173173704,2.542204074,0.63096963,40.40257952,32.36872981,8.033849709
,B,4.3,,0.0695,0.073,0.073,0.1995,0.2009,0.1998,0.0718,0.2001,9.2562,2.2019,11.4581,,,,,,,2.66468,2.152614884,0.512065116,40.5253024,32.73765297,7.787649431
,C,4.2,,0.0705,0.0714,0.0726,0.1991,0.198,0.1981,0.0715,0.1984,9.176,2.2082,11.3842,,,,,,,2.710515238,2.184753333,0.525761905,40.26371932,32.4537172,7.810002122
22,A,3.3,3.2,0.0154,0.0169,0.0159,0.05,0.0515,0.0501,0.0161,0.0505,2.3628,0.3629,2.7257,2.367,0.4137,2.7807,0.0827,0.0591,0.131,0.825970909,0.716002424,0.109968485,9.640319728,8.356822522,1.283497206
,B,3.1,,0.0184,0.0176,0.0175,0.0535,0.0525,0.0521,0.0178,0.0527,2.4517,0.4785,2.9302,,,,,,,0.945238796,0.790880946,0.154357849,10.36372733,8.671326778,1.692400556
,C,3.2,,0.0164,0.0164,0.0155,0.0496,0.049,0.0485,0.0161,0.049,2.2866,0.3996,2.6862,,,,,,,0.839427083,0.714552917,0.124874167,9.500483365,8.087180213,1.413303152
23,A,3,3.03,0.0462,0.0487,0.0488,0.1347,0.1358,0.1354,0.0479,0.1353,6.2679,1.4259,7.6938,6.4336,1.4968,7.9304,0.1438,0.0635,0.2065,2.564593333,2.089294667,0.475298667,27.21150173,22.1683667,5.043135036
,B,3.3,,0.0497,0.0498,0.0509,0.1412,0.1403,0.1402,0.0501,0.1406,6.5075,1.5157,8.0232,,,,,,,2.43126303,1.971956364,0.459306667,28.37648723,23.01568933,5.360797906
,C,2.8,,0.0507,0.0505,0.0506,0.1421,0.1407,0.1403,0.0506,0.141,6.5255,1.5487,8.0741,,,,,,,2.88362381,2.330524762,0.553099048,28.55678951,23.07939921,5.4773903
24,A,4.7,4.63,0.0559,0.0552,0.0552,0.1521,0.1528,0.1519,0.0554,0.1523,7.0356,1.7467,8.7824,7.1579,1.7725,8.9304,0.1113,0.0249,0.136,1.868588085,1.496940426,0.37164766,31.06162552,24.88370942,6.177916107
,B,4.8,,0.0575,0.057,0.0568,0.1584,0.1569,0.1556,0.0571,0.157,7.2533,1.7965,9.0498,,,,,,,1.885385278,1.511108056,0.374277222,32.00767254,25.65367004,6.354002499
,C,4.4,,0.0567,0.0569,0.0559,0.1567,0.1557,0.154,0.0565,0.1555,7.1847,1.7743,8.959,,,,,,,2.036127576,1.632876061,0.403251515,31.6862182,25.41081795,6.27540025
25,A,3.7,3.48,0.0639,0.064,0.0634,0.18,0.1786,0.1769,0.0638,0.1785,8.2623,1.9345,10.1968,8.1797,1.9428,10.1225,0.0728,0.0894,0.0997,2.755881441,2.233056937,0.522824505,36.06409186,29.22229139,6.841800476
,B,3.6,,0.0601,0.0636,0.0633,0.1753,0.1765,0.1761,0.0623,0.176,8.1514,1.8578,10.0092,,,,,,,2.780335556,2.264268889,0.516066667,35.40074981,28.82990734,6.57084247
,C,3.6,,0.0659,0.0611,0.0657,0.177,0.1757,0.175,0.0642,0.1759,8.1253,2.0361,10.1614,,,,,,,2.822606296,2.25702037,0.565585926,35.93896395,28.73761524,7.201348707
26,A,3,3.23,0.0351,0.0352,0.035,0.0991,0.0986,0.0976,0.0351,0.0984,4.557,1.0608,5.6178,4.7684,1.0978,5.8662,0.2733,0.108,0.3741,1.872596889,1.518997778,0.353599111,19.86910471,16.11725732,3.751847398
,B,3.3,,0.0323,0.037,0.0361,0.0989,0.1023,0.1009,0.0351,0.1007,4.6712,1.0131,5.6843,,,,,,,1.72252202,1.415514343,0.307007677,20.10441631,16.52117611,3.583240197
,C,3.3,,0.0394,0.0393,0.0399,0.1105,0.1093,0.1095,0.0395,0.1098,5.077,1.2194,6.2964,,,,,,,1.907997576,1.53848,0.369517576,22.26919431,17.95636981,4.312824503
27,A,3.3,3.6,0.0497,0.0499,0.0497,0.1447,0.1425,0.1419,0.0498,0.143,6.6366,1.4263,8.0629,6.819,1.4206,8.2396,0.1755,0.018,0.1795,2.44330303,2.011077576,0.432225455,28.5170121,23.47229257,5.04471953
,B,3.4,,0.0508,0.0504,0.0502,0.1488,0.1465,0.146,0.0505,0.1471,6.8338,1.4004,8.2342,,,,,,,2.421815686,2.009939608,0.411876078,29.12277475,24.16988989,4.952884865
,C,3.5,,0.0512,0.0519,0.0518,0.1512,0.1503,0.1497,0.0516,0.1504,6.9867,1.435,8.4217,,,,,,,2.406198476,1.996196952,0.410001524,29.78600363,24.71065054,5.075353092
28,A,4.2,4.13,0.0615,0.0613,0.0605,0.1762,0.1747,0.1734,0.0611,0.1748,8.1054,1.77,9.8754,8.1592,1.8173,9.9765,0.0655,0.0452,0.1091,2.351289841,1.929868254,0.421421587,34.92755653,28.66749192,6.260064606
,B,3.9,,0.0633,0.0624,0.0626,0.1791,0.1773,0.1766,0.0628,0.1777,8.2321,1.8601,10.0922,,,,,,,2.58774735,2.110804444,0.476942906,35.6943293,29.11557379,6.578755512
,C,4.3,,0.0622,0.0623,0.0611,0.1771,0.176,0.1738,0.0619,0.1756,8.1401,1.8219,9.962,,,,,,,2.316740465,1.893045581,0.423694884,35.2337271,28.79004032,6.443686779
29,A,4.9,5.03,0.0717,0.0723,0.0726,0.2013,0.2007,0.1996,0.0722,0.2005,9.2755,2.2255,11.501,9.389,2.2571,11.6461,0.1154,0.0299,0.1346,2.347141769,1.89294966,0.454192109,40.67692816,32.80559289,7.871335267
,B,5,,0.0737,0.0733,0.0733,0.2047,0.2029,0.2014,0.0734,0.203,9.3854,2.285,11.6705,,,,,,,2.334090933,1.877083467,0.457007467,41.27627738,33.19451557,8.081761807
,C,5.2,,0.0743,0.0733,0.0737,0.2073,0.2048,0.2043,0.0738,0.2055,9.5061,2.2608,11.7669,,,,,,,2.26287359,1.828104872,0.434768718,41.6175379,33.62150857,7.996029332
30,A,2.9,3,0.041,0.0413,0.0411,0.1175,0.1166,0.1162,0.0411,0.1168,5.4118,1.2115,6.6232,5.7978,1.291,7.0888,0.3605,0.0787,0.4388,2.283875862,1.866126897,0.417748966,23.42519629,19.14043998,4.284756313
,B,3.1,,0.0444,0.0443,0.0442,0.1276,0.1258,0.1255,0.0443,0.1263,5.8559,1.2926,7.1485,,,,,,,2.305952258,1.889,0.416952258,25.28277569,20.71125416,4.571521539
,C,3,,0.0461,0.0469,0.0466,0.1326,0.1324,0.1315,0.0465,0.1322,6.1258,1.3689,7.4947,,,,,,,2.498245333,2.041936,0.456309333,26.50751928,21.6658697,4.841649572
31,A,3.3,3.07,0.0527,0.0527,0.0524,0.1479,0.147,0.1464,0.0526,0.1471,6.8083,1.5989,8.4071,7.1675,1.6766,8.8441,0.3639,0.0818,0.4456,2.547619394,2.063115152,0.484504242,29.73454057,24.07964915,5.65489142
,B,2.9,,0.0553,0.0552,0.055,0.1559,0.1542,0.1538,0.0552,0.1546,7.1585,1.6689,8.8274,,,,,,,3.043926897,2.468437241,0.575489655,31.22086723,25.31820047,5.902666761
,C,3,,0.058,0.0578,0.0586,0.1638,0.1623,0.1623,0.0581,0.1628,7.5359,1.762,9.2979,,,,,,,3.099299556,2.511964444,0.587335111,32.88497795,26.65308528,6.231892669
32,A,3.6,3.87,0.0656,0.0655,0.065,0.1866,0.1848,0.1839,0.0654,0.1851,8.5769,1.9355,10.5123,8.826,2.0006,10.8266,0.3101,0.0738,0.3836,2.920095926,2.382464074,0.537631852,37.18025512,30.33483294,6.845422178
,B,4.2,,0.0705,0.0695,0.0701,0.1989,0.1976,0.1975,0.07,0.198,9.1733,2.0807,11.254,,,,,,,2.679519683,2.184114603,0.495405079,39.8032916,32.44422909,7.359062507
,C,3.8,,0.0667,0.0666,0.0668,0.1898,0.1878,0.1876,0.0667,0.1884,8.7278,1.9856,10.7134,,,,,,,2.819310526,2.296782105,0.522528421,37.89127821,30.86854354,7.022734668
33,A,3.5,3.57,0.0835,0.081,0.0809,0.2173,0.2149,0.2143,0.0818,0.2155,9.9174,2.7835,12.7008,10.2262,2.7217,12.9479,0.2729,0.0716,0.237,3.628806857,2.833529143,0.795277714,44.92050647,35.07587183,9.844634647
,B,3.5,,0.0813,0.0829,0.0826,0.2244,0.2238,0.2229,0.0823,0.2237,10.3264,2.6432,12.9696,,,,,,,3.705592381,2.950389333,0.755203048,45.87102403,36.52246823,9.348555799
,C,3.7,,0.0837,0.0839,0.0841,0.2278,0.2259,0.225,0.0839,0.2262,10.4349,2.7384,13.1733,,,,,,,3.560362883,2.820246847,0.740116036,46.59171913,36.90639221,9.68532692
34,A,3.5,3.33,0.0598,0.0612,0.0613,0.1687,0.169,0.1683,0.0608,0.1687,7.801,1.8756,9.6766,7.8154,1.8994,9.7149,0.1064,0.042,0.0766,2.764747048,2.228862095,0.535884952,34.22442762,27.59078069,6.633646931
,B,3,,0.0614,0.0612,0.0609,0.1688,0.1668,0.1657,0.0612,0.1671,7.717,1.9479,9.6649,,,,,,,3.221643111,2.572340889,0.649302222,34.18309872,27.29370682,6.889391903
,C,3.5,,0.0613,0.0614,0.0615,0.1727,0.1709,0.1704,0.0614,0.1713,7.9283,1.8748,9.8031,,,,,,,2.800873905,2.26521981,0.535654095,34.67163708,28.04084789,6.630789182
35,A,2.9,2.97,0.04,0.04,0.0404,0.1141,0.1133,0.1129,0.0401,0.1134,5.2552,1.1931,6.4483,5.3093,1.1682,6.4774,0.1084,0.0952,0.1921,2.223549425,1.812136092,0.411413333,22.80644173,18.58666855,4.219773172
,B,3,,0.0366,0.0396,0.0395,0.1117,0.1135,0.113,0.0386,0.1127,5.2385,1.063,6.3016,,,,,,,2.100518667,1.74618,0.354338667,22.28745844,18.52776402,3.759694419
,C,3,,0.0418,0.0416,0.0416,0.1184,0.1169,0.1167,0.0417,0.1173,5.434,1.2484,6.6824,,,,,,,2.22748,1.811346667,0.416133333,23.63457594,19.219212,4.415363939
36,A,2.5,2.67,0.033,0.033,0.0331,0.0949,0.0942,0.0938,0.033,0.0943,4.3727,0.9611,5.3338,4.7558,1.3939,6.1497,0.4091,0.5979,0.7419,2.133532267,1.749091733,0.384440533,18.8647898,15.46554903,3.399240763
,B,2.8,,0.0393,0.0392,0.0392,0.113,0.1115,0.1111,0.0392,0.1119,5.1867,1.1445,6.3312,,,,,,,2.261144286,1.85241,0.408734286,22.39231803,18.34458513,4.047732899
,C,2.7,,0.0366,0.069,0.0367,0.105,0.1042,0.1038,0.0474,0.1043,4.7078,2.0761,6.7839,,,,,,,2.512563457,1.743626173,0.768937284,23.99349697,16.65060008,7.34289689
37,A,3.4,3.3,0.0386,0.039,0.0391,0.1121,0.1117,0.1112,0.0389,0.1117,5.1806,1.1179,6.2985,5.1657,1.0778,6.2434,0.1575,0.038,0.1787,1.852513333,1.523712549,0.328800784,22.27681026,18.32292094,3.953889321
,B,3.4,,0.0366,0.0402,0.0404,0.113,0.1154,0.1147,0.0391,0.1144,5.3151,1.0729,6.3881,,,,,,,1.878850196,1.563276863,0.315573333,22.59351583,18.79868902,3.794826814
,C,3.1,,0.037,0.037,0.0374,0.1087,0.1073,0.1071,0.0371,0.1077,5.0012,1.0424,6.0436,,,,,,,1.949549247,1.613289462,0.336259785,21.37512438,17.68832614,3.686798236
38,A,4.6,4.63,0.0612,0.0607,0.0605,0.172,0.1704,0.1696,0.0608,0.1707,7.9017,1.8339,9.7356,8.0453,1.8668,9.9121,0.5257,0.1522,0.6778,2.116442899,1.717769275,0.398673623,34.43318007,27.94701375,6.486166325
,B,4.4,,0.0581,0.0581,0.0583,0.1653,0.164,0.1633,0.0582,0.1642,7.6063,1.7337,9.34,,,,,,,2.12273303,1.728699697,0.394033333,33.03397232,26.90202542,6.131946901
,C,4.9,,0.0669,0.0667,0.0666,0.1878,0.1863,0.1852,0.0667,0.1864,8.6279,2.0328,10.6607,,,,,,,2.175653333,1.76080381,0.414849524,37.70496333,30.51545118,7.189512155
39,A,3.2,3.27,0.0426,0.0426,0.0425,0.1224,0.1216,0.1209,0.0426,0.1216,5.6407,1.2358,6.8765,5.7342,1.2665,7.0007,0.1771,0.0357,0.2108,2.14890625,1.76271375,0.3861925,24.32093089,19.95007427,4.370856617
,B,3.4,,0.0446,0.045,0.045,0.1288,0.1281,0.1273,0.0449,0.1281,5.9384,1.3057,7.2441,,,,,,,2.130631373,1.746601569,0.384029804,25.62123034,21.003202,4.618028342
,C,3.2,,0.0427,0.0428,0.0427,0.1222,0.1213,0.1205,0.0427,0.1213,5.6235,1.258,6.8816,,,,,,,2.150489167,1.757350833,0.393138333,24.33884605,19.88937776,4.449468298
40,A,2.7,2.67,0.0456,0.0459,0.0459,0.1299,0.1288,0.1278,0.0458,0.1288,5.966,1.3754,7.3414,6.3893,1.491,7.8803,0.3681,0.1007,0.4673,2.719040988,2.20964642,0.509394568,25.96523543,21.10081818,4.86441725
,B,2.7,,0.051,0.0511,0.051,0.1443,0.1429,0.1427,0.051,0.1433,6.6349,1.5382,8.1731,,,,,,,3.027078025,2.45736642,0.569711605,28.9068072,23.46639787,5.440409328
,C,2.6,,0.0508,0.051,0.051,0.1431,0.1416,0.1411,0.0509,0.1419,6.567,1.5595,8.1265,,,,,,,3.12558359,2.525764103,0.599819487,28.74201504,23.22623848,5.515776567
41,A,3.9,4.03,0.0395,0.0417,0.0419,0.1169,0.1169,0.1168,0.041,0.1169,5.418,1.1999,6.6179,5.5427,1.2276,6.7702,0.2031,0.0324,0.2344,1.696909744,1.389235897,0.307673846,23.40647945,19.16255217,4.243927283
,B,4.2,,0.0411,0.0416,0.0413,0.1182,0.1169,0.1166,0.0413,0.1172,5.433,1.2196,6.6526,,,,,,,1.583951746,1.293564444,0.290387302,23.52902785,19.21542996,4.313597887
,C,4,,0.0422,0.0443,0.0442,0.1258,0.1244,0.1235,0.0436,0.1246,5.777,1.2631,7.0402,,,,,,,1.760045667,1.444258333,0.315787333,24.89984674,20.43231709,4.46752965
42,A,3.5,3.53,0.036,0.0362,0.0364,0.1036,0.1025,0.102,0.0362,0.1027,4.7596,1.0676,5.8271,4.6302,1.0683,5.6985,0.4522,0.1159,0.5651,1.664893714,1.359874286,0.305019429,20.60949282,16.8336988,3.775794016
,B,3.6,,0.0314,0.0319,0.0318,0.09,0.0889,0.0885,0.0317,0.0891,4.1274,0.9528,5.0802,,,,,,,1.411175185,1.146513704,0.264661481,17.96785268,14.59803824,3.369814435
,C,3.5,,0.0388,0.0388,0.0387,0.1093,0.1077,0.1074,0.0388,0.1081,5.0036,1.1847,6.1882,,,,,,,1.768067429,1.429592,0.338475429,21.8866662,17.69672491,4.189941289
43,A,3.1,3.23,0.0553,0.0554,0.0554,0.1548,0.1531,0.1524,0.0554,0.1534,7.0954,1.7144,8.8098,7.1243,1.6831,8.8074,0.11,0.0292,0.0962,2.841874839,2.28884,0.553034839,31.15870411,25.09515456,6.063549551
,B,3.1,,0.0546,0.0545,0.0548,0.1534,0.1513,0.1513,0.0546,0.152,7.0317,1.6783,8.71,,,,,,,2.809674409,2.268292043,0.541382366,30.80565419,24.86986395,5.935790243
,C,3.5,,0.053,0.0567,0.0567,0.1559,0.157,0.1564,0.0555,0.1564,7.2459,1.6565,8.9024,,,,,,,2.543542857,2.070253714,0.473289143,31.48617104,25.62738912,5.85878192
44,A,3.9,3.87,0.043,0.0424,0.0428,0.1208,0.1192,0.1187,0.0427,0.1196,5.5342,1.2976,6.8318,5.5358,1.2521,6.7879,0.0413,0.0462,0.0417,1.751747692,1.419025641,0.332722051,24.1628917,19.57345972,4.589431987
,B,3.8,,0.04,0.0429,0.0428,0.1199,0.1206,0.1202,0.0419,0.1202,5.5779,1.2051,6.783,,,,,,,1.785005965,1.467861404,0.317144561,23.99031855,19.72792436,4.26239419
,C,3.9,,0.0418,0.0421,0.0422,0.1198,0.1183,0.1178,0.042,0.1186,5.4954,1.2534,6.7488,,,,,,,1.730455726,1.409072479,0.321383248,23.86919903,19.43616986,4.433029167
45,A,3.4,3.5,0.0472,0.0477,0.0474,0.1321,0.1319,0.1313,0.0474,0.1318,6.0948,1.4616,7.5564,6.1882,1.4154,7.6036,0.081,0.0404,0.042,2.222483529,1.792594118,0.429889412,26.72576926,21.55627078,5.169498479
,B,3.6,,0.0442,0.0492,0.0489,0.1329,0.136,0.135,0.0474,0.1346,6.2398,1.3974,7.6372,,,,,,,2.121435926,1.733266296,0.38816963,27.01128009,22.0688925,4.942387588
,C,3.5,,0.0449,0.0483,0.0486,0.1334,0.1352,0.1346,0.0473,0.1344,6.23,1.3871,7.6171,,,,,,,2.176310095,1.779987048,0.396323048,26.94024663,22.03421754,4.906029096
46,A,3.2,3.17,0.03,0.0302,0.0302,0.0846,0.0835,0.083,0.0301,0.0837,3.8715,0.9287,4.8002,3.7218,0.8566,4.5784,0.1391,0.0774,0.1921,1.500063333,1.209836667,0.290226667,16.97744453,13.6927118,3.284732734
,B,3.2,,0.0241,0.0295,0.0289,0.0771,0.0812,0.0806,0.0275,0.0796,3.6974,0.7748,4.4722,,,,,,,1.397554583,1.155425417,0.242129167,15.8172691,13.07689515,2.74037396
,C,3.1,,0.028,0.0282,0.0279,0.0782,0.0779,0.0772,0.028,0.0778,3.5966,0.8662,4.4629,,,,,,,1.439629677,1.160194839,0.279434839,15.78429653,12.72053477,3.06376176
47,A,3.4,3.27,0.0404,0.04,0.0396,0.1142,0.113,0.1122,0.04,0.1131,5.2416,1.1874,6.429,5.1869,1.1766,6.3634,0.1041,0.0592,0.1614,1.890892549,1.541653333,0.349239216,22.73832732,18.53866214,4.199665181
,B,3.1,,0.0412,0.0403,0.0401,0.1154,0.1128,0.1122,0.0405,0.1135,5.2521,1.2296,6.4817,,,,,,,2.090859355,1.694224516,0.396634839,22.92446771,18.57570913,4.348758577
,C,3.3,,0.0371,0.039,0.0387,0.1095,0.1095,0.1088,0.0383,0.1093,5.0669,1.1128,6.1796,,,,,,,1.872609293,1.535410101,0.337199192,21.85615996,17.92053948,3.935620476
48,A,3,3.03,0.0328,0.0332,0.0331,0.0934,0.0923,0.092,0.033,0.0926,4.2851,0.9999,5.285,4.3013,0.9811,5.2823,0.0657,0.0234,0.0475,1.761673333,1.428364,0.333309333,18.69215534,15.15559171,3.536563627
,B,3,,0.0303,0.0343,0.0343,0.0927,0.0951,0.0951,0.033,0.0943,4.3735,0.9549,5.3284,,,,,,,1.776141778,1.457842222,0.318299556,18.84567211,15.46836906,3.377303058
,C,3.1,,0.0327,0.0326,0.0328,0.0924,0.0916,0.0911,0.0327,0.0917,4.2453,0.9883,5.2336,,,,,,,1.688254194,1.36943871,0.318815484,18.5102497,15.01471316,3.495536535
49,A,4.3,4.53,0.0551,0.0546,0.0553,0.1507,0.1499,0.1494,0.055,0.15,6.9262,1.7572,8.6834,6.9044,1.6752,8.5796,0.0619,0.0732,0.1181,2.019395349,1.610744186,0.408651163,30.71160784,24.49671076,6.214897079
,B,4.7,,0.0529,0.0529,0.053,0.1488,0.1473,0.147,0.0529,0.1477,6.8346,1.6164,8.4511,,,,,,,1.798099291,1.454176454,0.343922837,29.88988706,24.17284195,5.717045106
,C,4.6,,0.0542,0.0537,0.0539,0.1515,0.15,0.1493,0.0539,0.1503,6.9524,1.652,8.6044,,,,,,,1.870526957,1.5114,0.359126957,30.43228408,24.58951687,5.842767207
50,A,3.2,3.27,0.0313,0.0314,0.0311,0.0902,0.0895,0.0894,0.0313,0.0897,4.1613,0.8998,5.0611,4.3161,0.9482,5.2643,0.1387,0.0426,0.1812,1.581579167,1.300400833,0.281178333,17.90002594,14.7177006,3.18232534
,B,3.2,,0.0331,0.0328,0.0331,0.0949,0.0937,0.0934,0.033,0.094,4.358,0.9647,5.3227,,,,,,,1.6633375,1.3618625,0.301475,18.82535191,15.41331258,3.412039329
,C,3.4,,0.0338,0.0334,0.0334,0.0965,0.0953,0.0948,0.0335,0.0955,4.4291,0.98,5.4091,,,,,,,1.590912157,1.302678431,0.288233725,19.13100846,15.66494542,3.46606305
51,A,2.9,3.23,0.0123,0.0121,0.0122,0.0392,0.0386,0.0385,0.0122,0.0388,1.8141,0.2667,2.0808,1.9329,0.3857,2.3186,0.4689,0.1574,0.6122,0.717532874,0.625562299,0.091970575,7.359571809,6.416250501,0.943321308
,B,3.3,,0.011,0.0115,0.0119,0.0328,0.033,0.0334,0.0115,0.0331,1.5347,0.3262,1.8609,,,,,,,0.563901414,0.465063434,0.09883798,6.581575535,5.427988022,1.153587513
,C,3.5,,0.019,0.0186,0.0188,0.0532,0.0528,0.0527,0.0188,0.0529,2.4498,0.5642,3.014,,,,,,,0.861133714,0.699936,0.161197714,10.65985711,8.664412534,1.995444578
52,A,3.8,3.93,0.0441,0.0439,0.0451,0.1256,0.0125,0.1254,0.0444,0.0878,3.9097,2.1606,6.0704,5.3665,1.6615,7.0279,1.2628,0.4336,0.8296,1.597461684,1.028874316,0.568587368,21.4697404,13.82797765,7.64176275
,B,3.9,,0.047,0.0469,0.047,0.1313,0.1304,0.13,0.047,0.1306,6.0397,1.4451,7.4848,,,,,,,1.919183248,1.548648547,0.370534701,26.47242932,21.3614251,5.111004221
,C,4.1,,0.0451,0.0476,0.0476,0.1321,0.1335,0.1325,0.0468,0.1327,6.15,1.3787,7.5287,,,,,,,1.836261789,1.499995772,0.336266016,26.62754946,21.75137111,4.87617835
53,A,4.4,4.4,0.0586,0.0587,0.0589,0.1641,0.1628,0.1626,0.0587,0.1632,7.5473,1.8096,9.3569,7.4714,1.7564,9.2279,0.0659,0.0466,0.1117,2.126561818,1.715285455,0.411276364,33.09355592,26.69327297,6.400282945
,B,4.5,,0.0574,0.0575,0.057,0.1612,0.1605,0.1597,0.0573,0.1605,7.4279,1.7367,9.1646,,,,,,,2.036583407,1.650641481,0.385941926,32.41361439,26.27108533,6.142529061
,C,4.3,,0.057,0.0569,0.0577,0.162,0.1601,0.1599,0.0572,0.1607,7.4392,1.723,9.1621,,,,,,,2.130732403,1.730045271,0.400687132,32.40485723,26.31107967,6.093777558
54,A,4.3,4.37,0.0623,0.0623,0.0622,0.1731,0.1708,0.1707,0.0623,0.1715,7.928,1.9509,9.879,8.0988,1.9786,10.0774,0.148,0.0266,0.1729,2.297432558,1.843724651,0.453707907,34.9400863,28.0399519,6.900134399
,B,4.7,,0.0641,0.0642,0.0643,0.1781,0.177,0.1765,0.0642,0.1772,8.1914,2.0039,10.1953,,,,,,,2.169210213,1.742851064,0.426359149,36.05888095,28.97149324,7.087387706
,C,4.1,,0.0641,0.0638,0.0637,0.1785,0.1765,0.1755,0.0639,0.1768,8.1768,1.9811,10.1579,,,,,,,2.477545366,1.994353171,0.483192195,35.92677371,28.92002547,7.006748249
55,A,3.5,3.87,0.0529,0.0529,0.0538,0.1485,0.1473,0.1476,0.0532,0.1478,6.8365,1.639,8.4755,6.8277,1.6702,8.4979,0.2315,0.0778,0.305,2.421572571,1.953284571,0.468288,29.97631746,24.17944401,5.796873453
,B,4.4,,0.0518,0.0515,0.0517,0.1438,0.1423,0.1417,0.0517,0.1426,6.5919,1.6128,8.2047,,,,,,,1.864715758,1.498164242,0.366551515,29.01870741,23.31443258,5.704274834
,C,3.7,,0.0553,0.0561,0.0556,0.1533,0.1532,0.1516,0.0557,0.1527,7.0547,1.7587,8.8135,,,,,,,2.382023063,1.906686126,0.475336937,31.17169602,24.95132866,6.220367358
56,A,3.2,3.1,0.0193,0.0143,0.0151,0.0499,0.0442,0.0452,0.0162,0.0464,2.1535,0.4702,2.6238,2.2326,0.4771,2.7097,0.2405,0.043,0.2831,0.819925417,0.672974583,0.146950833,9.279767042,7.616604183,1.663162859
,B,2.8,,0.0152,0.0153,0.0154,0.0444,0.0437,0.0439,0.0153,0.044,2.0417,0.4379,2.4796,,,,,,,0.885558571,0.729161429,0.156397143,8.769767277,7.220952111,1.548815166
,C,3.3,,0.0188,0.0187,0.0183,0.0545,0.0538,0.0534,0.0186,0.0539,2.5027,0.5232,3.0259,,,,,,,0.91694303,0.758402424,0.158540606,10.70210087,8.851694136,1.850406734
57,A,3.3,3.43,0.0482,0.0433,0.042,0.1265,0.1208,0.1195,0.0445,0.1223,5.6496,1.4015,7.0511,5.6759,1.2339,6.9098,0.0898,0.147,0.1644,2.136693737,1.711994747,0.42469899,24.93842164,19.98154724,4.956874396
,B,3.3,,0.0397,0.0419,0.0418,0.1202,0.1208,0.1206,0.0411,0.1205,5.6022,1.1271,6.7293,,,,,,,2.039184646,1.697639596,0.341545051,23.80034425,19.81400108,3.986343166
,C,3.7,,0.0428,0.0424,0.0424,0.1254,0.1239,0.1236,0.0425,0.1243,5.7759,1.173,6.9489,,,,,,,1.878078559,1.561056577,0.317021982,24.57696352,20.4283417,4.14862182
58,A,3.8,3.87,0.0035,0.0031,0.0037,0.0133,0.0127,0.0133,0.0034,0.0131,0.6213,0.026,0.6473,0.7168,0.0539,0.7706,0.1344,0.0425,0.1768,0.170334386,0.163492982,0.006841404,2.289278725,2.197330881,0.091947844
,B,4,,0.0036,0.0038,0.0037,0.014,0.0138,0.0139,0.0037,0.0139,0.6585,0.0329,0.6914,,,,,,,0.172855,0.164633,0.008222,2.445426894,2.329108014,0.11631888
,C,3.8,,0.0053,0.0057,0.0057,0.0184,0.0186,0.0186,0.0056,0.0185,0.8705,0.1028,0.9732,,,,,,,0.256116842,0.229070526,0.027046316,3.442187168,3.078687133,0.363500035
59,A,3.5,3.63,0.0257,0.0257,0.0252,0.0741,0.0732,0.0726,0.0255,0.0733,3.4007,0.7337,4.1344,3.3418,0.7013,4.0431,0.1197,0.0718,0.1915,1.181248762,0.97161981,0.209628952,14.62251774,12.02754946,2.594968287
,B,3.5,,0.026,0.026,0.0255,0.0746,0.0736,0.0731,0.0258,0.0738,3.4207,0.7512,4.1718,,,,,,,1.191953143,0.977336,0.214617143,14.75502582,12.0983094,2.656716418
,C,3.9,,0.0215,0.0242,0.024,0.0676,0.0697,0.0693,0.0232,0.0689,3.204,0.619,3.823,,,,,,,0.980267692,0.821545641,0.158722051,13.5214119,11.33206479,2.189347103
60,A,3.5,3.47,0.0533,0.0535,0.0534,0.1542,0.1523,0.1517,0.0534,0.1527,7.0835,1.5471,8.6306,7.1038,1.542,8.6458,0.1757,0.0311,0.206,2.465897905,2.023866667,0.442031238,30.52501474,25.05317017,5.471844569
,B,3.2,,0.0523,0.0523,0.0521,0.1508,0.1494,0.1486,0.0522,0.1496,6.9391,1.5087,8.4478,,,,,,,2.639942083,2.168457917,0.471484167,29.87838532,24.54221311,5.336172219
,C,3.7,,0.0554,0.0554,0.0533,0.1579,0.1572,0.1562,0.0547,0.1571,7.2888,1.5702,8.859,,,,,,,2.394327568,1.969936216,0.424391351,31.33271557,25.77903374,5.553681828
61,A,3.6,3.37,0.0284,0.0281,0.0279,0.0827,0.0815,0.0807,0.0281,0.0816,3.7909,0.7889,4.5798,3.8437,0.8396,4.6834,0.1199,0.0784,0.1973,1.272179259,1.05302963,0.21914963,16.19808069,13.40774799,2.790332697
,B,3.4,,0.0302,0.032,0.0299,0.0867,0.0859,0.0854,0.0307,0.086,3.981,0.9299,4.9109,,,,,,,1.444387059,1.170878824,0.273508235,17.36901747,14.08003112,3.288986348
,C,3.1,,0.028,0.0282,0.0281,0.0816,0.081,0.0804,0.0281,0.081,3.7593,0.8,4.5593,,,,,,,1.470744516,1.212672258,0.258072258,16.12544387,13.29590436,2.829539506
62,A,3.2,3.13,0.0198,0.02,0.0196,0.0593,0.0588,0.0586,0.0198,0.0589,2.7412,0.5228,3.264,2.9262,0.5881,3.5142,0.2403,0.0821,0.3224,1.0200025,0.8566175,0.163385,11.54420315,9.695041381,1.849161774
,B,3.2,,0.0208,0.0207,0.0207,0.0617,0.0609,0.0606,0.0207,0.0611,2.8396,0.5611,3.4007,,,,,,,1.0627175,0.8873625,0.175355,12.02764377,10.04300771,1.984636061
,C,3,,0.024,0.0239,0.0238,0.0694,0.0689,0.0684,0.0239,0.0689,3.1977,0.6803,3.878,,,,,,,1.292678667,1.065913333,0.226765333,13.71590861,11.30982528,2.406083327
63,A,3.6,3.8,0.0406,0.0401,0.0404,0.1162,0.1151,0.1146,0.0404,0.1153,5.3468,1.173,6.5198,5.4655,1.2345,6.7,0.1218,0.0537,0.1666,1.811049259,1.485217407,0.325831852,23.05926764,18.91059867,4.148668977
,B,3.8,,0.0422,0.0419,0.0421,0.1186,0.1176,0.1176,0.0421,0.1179,5.4596,1.2722,6.7318,,,,,,,1.771517895,1.436734737,0.334783158,23.80904011,19.30958478,4.49945533
,C,4,,0.0428,0.0424,0.0425,0.1217,0.1203,0.1199,0.0426,0.1206,5.5901,1.2582,6.8483,,,,,,,1.712085,1.397531,0.314554,24.22133409,19.77125274,4.450081347
64,A,4.3,4.3,0.0556,0.0564,0.0559,0.1518,0.1514,0.1502,0.056,0.1511,6.9719,1.8218,8.7937,7.2152,1.8953,9.1105,0.2265,0.0748,0.3004,2.045044651,1.621381395,0.423663256,31.1016906,24.65848483,6.443205772
,B,4.4,,0.0584,0.0585,0.0577,0.1588,0.1571,0.1558,0.0582,0.1572,7.2536,1.8929,9.1465,,,,,,,2.078760606,1.648555758,0.430204848,32.34967343,25.6548254,6.694848035
,C,4.2,,0.0602,0.0598,0.0598,0.1624,0.1607,0.1597,0.0599,0.1609,7.42,1.9713,9.3913,,,,,,,2.236018413,1.766663492,0.469354921,33.21524133,26.24314447,6.972096862
65,A,3.1,3.03,0.0784,0.0805,0.0824,0.2099,0.2117,0.2134,0.0804,0.2117,9.7399,2.7422,12.4821,9.8483,2.6571,12.5054,0.1036,0.2049,0.2358,4.026473548,3.141898065,0.884575484,44.14680625,34.44819976,9.698606494
,B,2.8,,0.0844,0.0824,0.0798,0.2187,0.2163,0.2135,0.0822,0.2162,9.9463,2.8058,12.752,,,,,,,4.55429619,3.552240952,1.002055238,45.10161043,35.17816604,9.923444389
,C,3.2,,0.0776,0.0772,0.0774,0.2135,0.2133,0.2131,0.0774,0.2133,9.8587,2.4234,12.2821,,,,,,,3.8381625,3.0808575,0.757305,43.43962651,34.86858598,8.571040532
66,A,3.5,3.67,0.0859,0.0857,0.0854,0.2365,0.2362,0.2354,0.0857,0.236,10.9093,2.6833,13.5926,9.6475,10.6935,20.341,1.597,14.046,12.4992,3.883586286,3.116934857,0.766651429,48.07438636,38.58411261,9.49027375
,B,3.7,,0.0794,0.0799,0.0799,0.2202,0.2202,0.2203,0.0797,0.2202,10.1814,2.4852,12.6665,,,,,,,3.423391712,2.751726126,0.671665586,44.7992832,36.00971446,8.789568744
,C,3.8,,0.0866,0.866,0.0865,0.2377,0.2371,0.2369,0.3464,0.2372,7.852,26.9119,34.7639,,,,,,,9.148394737,2.066308421,7.082086316,122.9535969,27.77099809,95.18259885
67,A,4.4,4.27,0.0674,0.0673,0.0669,0.1869,0.1868,0.1865,0.0672,0.1867,8.6375,2.0695,10.707,8.7868,2.1076,10.8944,0.1665,0.0454,0.2117,2.433406061,1.963073939,0.470332121,37.86866615,30.54935748,7.31930867
,B,4,,0.0681,0.0681,0.0681,0.1891,0.1896,0.1892,0.0681,0.1893,8.7565,2.0957,10.8522,,,,,,,2.713059,2.189133,0.523926,38.38238664,30.97026243,7.412124213
,C,4.4,,0.0699,0.0701,0.0696,0.194,0.1941,0.1935,0.0699,0.1939,8.9663,2.1578,11.1241,,,,,,,2.528198788,2.037793939,0.490404848,39.34383061,31.71215015,7.63168046
68,A,3.4,3.4,0.074,0.0742,0.0745,0.2027,0.2029,0.203,0.0742,0.2029,9.3691,2.3625,11.7316,9.4661,2.3624,11.8285,0.2358,0.0603,0.2929,3.45046,2.75562,0.69484,41.49240999,33.13683243,8.355577562
,B,3.5,,0.073,0.0733,0.0732,0.2013,0.2013,0.2008,0.0732,0.2011,9.2942,2.302,11.5963,,,,,,,3.313219429,2.655493714,0.657725714,41.01389262,32.87199547,8.141897149
,C,3.3,,0.0769,0.0767,0.0767,0.2106,0.2109,0.2106,0.0768,0.2107,9.7349,2.4227,12.1576,,,,,,,3.684107071,2.949958384,0.734148687,42.99905685,34.43044022,8.568616632
69,A,3.5,3.37,0.0836,0.0831,0.0828,0.2316,0.2309,0.2303,0.0832,0.2309,10.6813,2.5649,13.2462,10.8532,2.6701,13.5233,0.2211,0.127,0.3479,3.784638857,3.051804571,0.732834286,46.8495296,37.77787366,9.071655938
,B,3.2,,0.0846,0.0843,0.0844,0.2334,0.2331,0.2328,0.0844,0.2331,10.7757,2.6342,13.41,,,,,,,4.190609583,3.367410417,0.823199167,47.42855863,38.11173988,9.31681875
,C,3.4,,0.088,0.0882,0.0881,0.2406,0.2404,0.2403,0.0881,0.2404,11.1026,2.8111,13.9138,,,,,,,4.092279608,3.265480392,0.826799216,49.21040768,39.26799651,9.942411167
70,A,4.2,4.3,0.0976,0.0974,0.0974,0.2655,0.264,0.2646,0.0975,0.2647,12.2175,3.139,15.3565,12.358,3.2211,15.5791,0.148,0.0771,0.224,3.65632127,2.908935873,0.747385397,54.31332437,43.21118578,11.1021386
,B,4.3,,0.0991,0.0992,0.0992,0.2678,0.2676,0.2674,0.0992,0.2676,12.3438,3.2322,15.576,,,,,,,3.622337054,2.870656434,0.75168062,55.08965599,43.65785763,11.43179835
,C,4.4,,0.1006,0.1008,0.1007,0.2715,0.2714,0.271,0.1007,0.2713,12.5126,3.292,15.8046,,,,,,,3.591946364,2.843762727,0.748183636,55.89787084,44.25463677,11.64323407
71,A,4,3.97,0.0925,0.0926,0.0928,0.2521,0.2524,0.2524,0.0926,0.2523,11.6484,2.9671,14.6155,10.63,11.5733,22.2034,1.8488,14.9844,13.1361,3.653869667,2.912098333,0.741771333,51.69229209,41.19825045,10.49404164
,B,3.9,,0.0923,0.0921,0.0919,0.2545,0.2539,0.2539,0.0921,0.2541,11.7458,2.8771,14.6229,,,,,,,3.749467692,3.011738462,0.737729231,51.71862489,41.5426894,10.17593549
,C,4,,0.0932,0.0928,0.93,0.2562,0.2562,0.2557,0.372,0.256,8.4959,28.8757,37.3717,,,,,,,9.342914667,2.123981333,7.218933333,132.1767655,30.04854401,102.1282215
72,A,4.4,4.57,0.1122,0.1121,0.1118,0.3031,0.3029,0.3021,0.112,0.3027,13.9646,3.6431,17.6077,14.0742,3.615,17.6892,0.2001,0.0683,0.2501,4.001748788,3.173771212,0.827977576,62.27521634,49.39022895,12.88498739
,B,4.6,,0.1111,0.1107,0.1105,0.3026,0.302,0.3019,0.1108,0.3022,13.9528,3.5372,17.49,,,,,,,3.802168406,3.033212464,0.768955942,61.85886209,49.34843791,12.51042418
,C,4.7,,0.1141,0.1139,0.114,0.3102,0.3098,0.3097,0.114,0.3099,14.3051,3.6648,17.9699,,,,,,,3.82338383,3.043639149,0.779744681,63.55628493,50.5945533,12.96173163
73,A,3.7,3.93,0.0995,0.0991,0.0994,0.2638,0.2633,0.2635,0.0993,0.2635,12.1362,3.3388,15.475,11.4354,3.0741,14.5095,1.0855,0.4282,1.5136,4.182444685,3.280059099,0.902385586,54.73242319,42.92360001,11.80882318
,B,3.8,,0.0982,0.0982,0.0981,0.2605,0.2603,0.26,0.0982,0.2603,11.985,3.3035,15.2885,,,,,,,4.023279649,3.153949825,0.869329825,54.07251421,42.38880008,11.68371413
,C,4.3,,0.0809,0.0807,0.0809,0.2207,0.2205,0.2205,0.0808,0.2206,10.1851,2.58,12.7651,,,,,,,2.968633488,2.368624186,0.600009302,45.14792389,36.02279126,9.125132631
74,A,3.8,3.67,0.0887,0.089,0.0892,0.2417,0.2416,0.2414,0.089,0.2416,11.1496,2.8664,14.0159,11.5355,2.9469,14.4824,0.3639,0.0759,0.4398,3.68840386,2.934097193,0.754306667,49.57181392,39.43400061,10.1378133
,B,3.6,,0.0922,0.0923,0.0921,0.2511,0.2509,0.2508,0.0922,0.2509,11.5845,2.9574,14.5419,,,,,,,4.039405185,3.21791037,0.821494815,51.43191153,40.97219118,10.45972036
,C,3.6,,0.0945,0.0943,0.0942,0.2575,0.2571,0.2568,0.0943,0.2571,11.8724,3.017,14.8894,,,,,,,4.13595037,3.297898519,0.838051852,52.66117752,41.99064394,10.67053359
75,A,3.8,4.2,0.0891,0.0888,0.0891,0.2578,0.2569,0.2574,0.089,0.2574,11.948,2.5155,14.4636,13.2172,2.224,15.4412,1.4109,1.7734,2.7723,3.806201404,3.144215439,0.661985965,51.15500224,42.25797081,8.897031431
,B,4.1,,0.0978,0.0996,0.0101,0.2718,0.2729,0.2738,0.0692,0.2728,12.9673,0.3229,13.2902,,,,,,,3.241514439,3.162765756,0.078748683,47.00505482,45.86312372,1.141931103
,C,4.7,,0.1182,0.1182,0.1179,0.3197,0.3194,0.3191,0.1181,0.3194,14.7364,3.8335,18.5699,,,,,,,3.95103234,3.135401702,0.815630638,65.67819198,52.11992643,13.55826554
76,A,3,3.2,0.0767,0.0766,0.0764,0.2127,0.2123,0.2118,0.0766,0.2123,9.8165,2.369,12.1855,9.7112,2.2031,11.9143,0.18,0.3166,0.4965,4.061818222,3.272155111,0.789663111,43.09773879,34.71905402,8.378684775
,B,3.3,,0.0773,0.0769,0.0766,0.2129,0.212,0.212,0.0769,0.2123,9.8138,2.4024,12.2161,,,,,,,3.701855354,2.973868283,0.727987071,43.20620594,34.70950461,8.496701327
,C,3.3,,0.0702,0.0687,0.0679,0.2056,0.2039,0.2033,0.0689,0.2043,9.5033,1.838,11.3413,,,,,,,3.436746667,2.879781818,0.556964848,40.11198981,33.61137441,6.500615406
77,A,3.9,3.93,0.0967,0.0932,0.0901,0.2586,0.2552,0.252,0.0933,0.2553,11.79,2.9658,14.7558,11.8279,2.7823,14.6102,0.1744,0.2513,0.387,3.783532308,3.023081026,0.760451282,52.18849827,41.69914409,10.48935418
,B,3.8,,0.0857,0.0872,0.0893,0.25,0.2516,0.2532,0.0874,0.2516,11.6756,2.4959,14.1714,,,,,,,3.729328421,3.072524211,0.656804211,50.12183632,41.2944472,8.827389121
,C,4.1,,0.0938,0.0934,0.0935,0.2601,0.2599,0.2595,0.0936,0.2598,12.0181,2.8852,14.9033,,,,,,,3.634949268,2.931247805,0.703701463,52.71023555,42.50589234,10.20434321
78,A,3.6,3.7,0.1002,0.1001,0.1,0.274,0.2738,0.2738,0.1001,0.2739,12.6495,3.1787,15.8282,12.8502,3.1795,16.0297,0.1937,0.0206,0.2042,4.39672037,3.513750741,0.88296963,55.98144349,44.73899224,11.24245125
,B,3.7,,0.1015,0.1008,0.1006,0.2788,0.2785,0.2777,0.101,0.2783,12.865,3.1593,16.0242,,,,,,,4.330876757,3.477019459,0.853857297,56.67483907,45.50106812,11.17377096
,C,3.8,,0.1027,0.1025,0.1017,0.2828,0.282,0.2813,0.1023,0.282,13.0361,3.2004,16.2365,,,,,,,4.272774386,3.43055193,0.842222456,57.42570088,46.10630733,11.31939355
79,A,3.2,3.27,0.0971,0.0974,0.0974,0.2638,0.2638,0.2636,0.0973,0.2637,12.1706,3.1452,15.3158,12.4122,3.0381,15.4504,0.295,0.0932,0.2295,4.786192083,3.803327917,0.982864167,54.16925326,43.04537502,11.12387824
,B,3.1,,0.0961,0.0962,0.0968,0.2664,0.2667,0.2666,0.0964,0.2666,12.3251,2.9949,15.3199,,,,,,,4.941911828,3.975827527,0.966084301,54.18379666,43.59151635,10.5922803
,C,3.5,,0.0986,0.0981,0.098,0.2757,0.2752,0.2748,0.0982,0.2752,12.7409,2.9744,15.7153,,,,,,,4.490094095,3.640264762,0.849829333,55.58226404,45.06234232,10.51992172
80,A,3,3.17,0.0787,0.0775,0.0765,0.2199,0.2186,0.2177,0.0776,0.2187,10.1315,2.3172,12.4486,8.7789,2.4494,11.2283,1.7355,0.956,2.4675,4.149545333,3.377153333,0.772392,44.02856334,35.83313291,8.195430431
,B,3.3,,0.0523,0.0522,0.0524,0.1475,0.1473,0.1471,0.0523,0.1473,6.822,1.5665,8.3885,,,,,,,2.541955152,2.067266667,0.474688485,29.66843036,24.12810356,5.540326802
,C,3.2,,0.087,0.0868,0.0868,0.2358,0.2355,0.1471,0.0869,0.2061,9.3832,3.4647,12.8479,,,,,,,4.0149575,2.9322425,1.082715,45.44056023,33.18658839,12.25397185
81,A,3.3,3.3,0.0926,0.0924,0.0927,0.2543,0.2541,0.2353,0.0926,0.2479,11.4267,3.0594,14.4862,11.5371,2.7863,14.3234,0.1099,0.3094,0.2024,4.389748283,3.462644444,0.927103838,51.23494848,40.41425574,10.82069274
,B,3,,0.0869,0.0867,0.0866,0.2494,0.2491,0.2541,0.0867,0.2509,11.6465,2.4503,14.0967,,,,,,,4.698914667,3.882162667,0.816752,49.85762184,41.19151164,8.666110207
,C,3.6,,0.0919,0.0909,0.0894,0.2508,0.2494,0.2488,0.0907,0.2497,11.538,2.8493,14.3873,,,,,,,3.996464444,3.204993333,0.791471111,50.88516658,40.80772441,10.07744217
82,A,3.3,3.3,0.0983,0.0932,0.0908,0.2583,0.2535,0.2512,0.0941,0.2543,11.7337,3.058,14.7917,11.3135,2.6134,13.9269,0.5846,0.3854,0.8689,4.482319596,3.555653737,0.926665859,52.31539459,41.49981373,10.81558086
,B,3.3,,0.0848,0.0857,0.0858,0.2485,0.2492,0.2489,0.0854,0.2489,11.5609,2.3741,13.935,,,,,,,4.222733333,3.503307879,0.719425455,49.28563344,40.88885902,8.396774422
,C,3.3,,0.081,0.0813,0.0813,0.2302,0.2301,0.229,0.0812,0.2298,10.6459,2.4081,13.0539,,,,,,,3.955734949,3.226015354,0.729719596,46.16936172,37.65243923,8.516922497
83,A,3.2,3.13,0.0863,0.0865,0.0875,0.2298,0.2303,0.2309,0.0868,0.2303,10.6079,2.9133,13.5212,9.5962,10.6021,20.1984,1.8364,13.4636,11.6276,4.22538375,3.31497625,0.9104075,47.82212634,37.5182995,10.30382684
,B,3.2,,0.0858,0.0854,0.0848,0.2327,0.2319,0.2311,0.0853,0.2319,10.7043,2.7449,13.4491,,,,,,,4.202853333,3.345086667,0.857766667,47.56713117,37.85908373,9.708047441
,C,3,,0.841,0.0834,0.0829,0.228,0.2273,0.2266,0.3358,0.2273,7.4765,26.1482,33.6247,,,,,,,11.20824311,2.492172889,8.716070222,118.9245573,26.44308788,92.48146943
84,A,4,4.07,0.1067,0.1065,0.1055,0.2946,0.2942,0.2935,0.1062,0.2941,13.5991,3.2961,16.8953,13.4519,3.2258,16.6777,0.1519,0.0688,0.2205,4.223813667,3.399786333,0.824027333,59.75544552,48.09770578,11.65773974
,B,4.1,,0.1037,0.1045,0.1059,0.2903,0.291,0.2917,0.1047,0.291,13.4607,3.2229,16.6836,,,,,,,4.069179512,3.283109268,0.786070244,59.00698875,47.60821957,11.39876919
,C,4.1,,0.103,0.1032,0.1032,0.2876,0.2873,0.2872,0.1031,0.2874,13.2958,3.1585,16.4543,,,,,,,4.013242927,3.242874146,0.77036878,58.19585485,47.02477188,11.17108297
85,A,3.6,3.5,0.1159,0.1162,0.1166,0.2997,0.3002,0.3001,0.1162,0.3,13.7778,4.0943,17.8722,13.5107,3.7906,17.3013,0.2443,0.2653,0.507,4.96449963,3.82718037,1.137319259,63.21071892,48.72974936,14.48096956
,B,3.6,,0.1085,0.1082,0.108,0.2892,0.2887,0.288,0.1082,0.2886,13.2988,3.6046,16.9035,,,,,,,4.695409259,3.69411963,1.00128963,59.78451345,47.03554738,12.74896607
,C,3.3,,0.1098,0.1098,0.1098,0.2924,0.2921,0.2918,0.1098,0.2921,13.4554,3.6728,17.1281,,,,,,,5.190339394,4.077384242,1.112955152,60.57904789,47.58919148,12.98985641
86,A,3.3,3.37,0.0983,0.0985,0.0985,0.268,0.2679,0.2673,0.0984,0.2677,12.3593,3.161,15.5203,12.7754,3.2711,16.0465,0.4458,0.1122,0.5578,4.703134949,3.745252929,0.95788202,54.89264106,43.71272076,11.1799203
,B,3.3,,0.1015,0.1014,0.1015,0.2759,0.2758,0.2751,0.1015,0.2756,12.7208,3.267,15.9878,,,,,,,4.844791919,3.854786263,0.990005657,56.54599043,44.99113909,11.55485134
,C,3.5,,0.1056,0.1055,0.1053,0.2876,0.2869,0.2863,0.1055,0.2869,13.246,3.3853,16.6313,,,,,,,4.751794286,3.784562286,0.967232,58.8218151,46.84858174,11.97323336
87,A,3.6,3.73,0.0998,0.0998,0.1,0.2647,0.2642,0.2639,0.0999,0.2643,12.1669,3.372,15.5389,12.2776,3.2937,15.5714,0.1693,0.1323,0.2548,4.316371852,3.379699259,0.936672593,54.9584023,43.03217561,11.92622669
,B,3.5,,0.1007,0.1015,0.1019,0.2702,0.2709,0.2709,0.1014,0.2707,12.4726,3.3682,15.8408,,,,,,,4.525937905,3.563588952,0.962348952,56.02596968,44.1131829,11.91278678
,C,4.1,,0.0966,0.0973,0.0982,0.2637,0.2641,0.2648,0.0974,0.2642,12.1934,3.1409,15.3344,,,,,,,3.74008813,2.974011382,0.766076748,54.23484945,43.12600505,11.1088444
88,A,2.9,2.97,0.08,0.08,0.08,0.219,0.2188,0.2185,0.08,0.2188,10.104,2.5428,12.6469,10.1199,2.5641,12.6839,0.1794,0.0407,0.2176,4.360989425,3.484152644,0.876836782,44.72967862,35.73616279,8.993515833
,B,3,,0.0794,0.0791,0.079,0.2161,0.2155,0.2149,0.0792,0.2155,9.9488,2.5385,12.4873,,,,,,,4.162437778,3.316282222,0.846155556,44.16535804,35.18726274,8.978095305
,C,3,,0.0817,0.0819,0.0818,0.2234,0.2234,0.2228,0.0818,0.2232,10.3067,2.611,12.9177,,,,,,,4.305885333,3.435554667,0.870330667,45.68740185,36.45279762,9.23460423
89,A,3.7,3.7,0.1207,0.1207,0.1205,0.3237,0.3236,0.323,0.1206,0.3234,14.91,3.9788,18.8888,14.9589,3.9737,18.9326,0.0493,0.009,0.0503,5.10509009,4.029733694,1.075356396,66.80637099,52.7340124,14.07235859
,B,3.6,,0.1207,0.1206,0.1208,0.3248,0.3244,0.324,0.1207,0.3244,14.9581,3.9634,18.9215,,,,,,,5.255961111,4.155025556,1.100935556,66.92176558,52.90405319,14.01771239
,C,3.8,,0.1211,0.1211,0.1212,0.3257,0.3257,0.3251,0.1211,0.3255,15.0085,3.979,18.9876,,,,,,,4.996729123,3.94961193,1.047117193,67.15558699,53.08242673,14.07316027
90,A,3.5,3.53,0.1136,0.1134,0.1135,0.2998,0.2993,0.299,0.1135,0.2994,13.7785,3.8542,17.6327,14.1971,3.9115,18.1086,0.4222,0.0545,0.4764,5.037927238,3.936719619,1.101207619,62.36381599,48.73211667,13.63169932
,B,3.6,,0.1163,0.1164,0.1162,0.3085,0.3084,0.3076,0.1163,0.3082,14.19,3.9176,18.1076,,,,,,,5.029882593,3.941655185,1.088227407,64.04321049,50.18730518,13.85590531
,C,3.5,,0.1189,0.119,0.1191,0.3178,0.3172,0.3171,0.119,0.3174,14.6228,3.9627,18.5856,,,,,,,5.310161524,4.17794819,1.132213333,65.73376718,51.71825234,14.01551484
91,A,2.8,3.07,0.0772,0.0769,0.0773,0.2099,0.2096,0.2095,0.0771,0.2097,9.6782,2.48,12.1582,9.6456,2.5032,12.1488,0.1245,0.0221,0.1306,4.342208571,3.456511429,0.885697143,43.0012874,34.23014784,8.771139563
,B,3.1,,0.0763,0.0767,0.0767,0.206,0.2063,0.2062,0.0766,0.2062,9.508,2.5056,12.0137,,,,,,,3.875380215,3.067112688,0.808267527,42.4901983,33.62824267,8.861955625
,C,3.3,,0.0779,0.0782,0.0779,0.2115,0.2113,0.2111,0.078,0.2113,9.7504,2.524,12.2744,,,,,,,3.719529697,2.954681212,0.764848485,43.41249204,34.48556271,8.926929334
92,A,3.2,3.27,0.0933,0.0929,0.0928,0.2534,0.2527,0.2523,0.093,0.2528,11.6693,2.99,14.6593,11.9564,3.1426,15.099,0.2487,0.141,0.3837,4.5810275,3.6466525,0.934375,51.84723774,41.27215109,10.57508665
,B,3.3,,0.0976,0.097,0.0971,0.2629,0.2623,0.2619,0.0972,0.2624,12.1023,3.1696,15.2719,,,,,,,4.627855758,3.667378182,0.960477576,54.01401995,42.80380562,11.21021433
,C,3.3,,0.0983,0.0983,0.0984,0.2625,0.2626,0.2625,0.0983,0.2625,12.0976,3.2682,15.3658,,,,,,,4.656304646,3.665945051,0.990359596,54.34606116,42.78707882,11.55898234
93,A,3.5,3.33,0.0919,0.0916,0.0917,0.25,0.25,0.2498,0.0917,0.2499,11.5395,2.9364,14.4759,11.9887,3.0561,15.0449,0.4406,0.1117,0.5518,4.135960381,3.296999619,0.838960762,51.19849096,40.81310981,10.38538115
,B,3.1,,0.0955,0.0956,0.0959,0.2602,0.26,0.2601,0.0957,0.2601,12.0065,3.0746,15.0811,,,,,,,4.864861075,3.873058925,0.991802151,53.33900167,42.46474735,10.87425432
,C,3.4,,0.099,0.0987,0.0984,0.2695,0.269,0.2685,0.0987,0.269,12.4202,3.1574,15.5776,,,,,,,4.581657647,3.652996471,0.928661176,55.09526774,43.92794794,11.1673198
94,A,4.2,4.23,0.1163,0.1163,0.1162,0.3105,0.3103,0.3098,0.1163,0.3102,14.2932,3.869,18.1621,14.373,3.9321,18.3051,0.1767,0.0798,0.253,4.32431746,3.403133968,0.921183492,64.23616515,50.55231897,13.68384617
,B,4.2,,0.1165,0.1164,0.1165,0.3097,0.3095,0.309,0.1165,0.3094,14.2503,3.9055,18.1558,,,,,,,4.322814603,3.392933968,0.929880635,64.21384075,50.40080168,13.81303907
,C,4.3,,0.1195,0.1194,0.1194,0.317,0.3164,0.3162,0.1194,0.3165,14.5755,4.0217,18.5972,,,,,,,4.324937984,3.389651783,0.935286202,65.77503478,51.55090425,14.22413053
95,A,3.8,3.93,0.1069,0.1065,0.1067,0.2842,0.2838,0.2837,0.1067,0.2839,13.0779,3.568,16.6459,13.0881,3.6034,16.6916,0.0093,0.0308,0.04,4.380489474,3.44154,0.938949474,58.87338191,46.25398599,12.61939591
,B,4,,0.1073,0.1074,0.1076,0.2845,0.2843,0.2845,0.1074,0.2844,13.096,3.6243,16.7203,,,,,,,4.180084333,3.274011667,0.906072667,59.1367947,46.31833722,12.81845748
,C,4,,0.1073,0.1072,0.1075,0.2846,0.2842,0.2841,0.1073,0.2843,13.0905,3.618,16.7085,,,,,,,4.177118667,3.272625333,0.904493333,59.0948386,46.29872439,12.79611422
96,A,3.6,3.73,0.0925,0.0924,0.0925,0.2461,0.246,0.2457,0.0925,0.2459,11.3285,3.0942,14.4227,11.6731,3.2242,14.8973,0.3086,0.121,0.429,4.0063,3.146802222,0.859497778,51.01039825,40.06680342,10.94359482
,B,3.7,,0.0966,0.0965,0.0961,0.2557,0.2558,0.2551,0.0964,0.2555,11.7668,3.2451,15.0119,,,,,,,4.057278559,3.180221982,0.877056577,53.09447077,41.61710877,11.47736201
,C,3.9,,0.0984,0.0981,0.0981,0.2596,0.2591,0.2585,0.0982,0.2591,11.9239,3.3334,15.2574,,,,,,,3.912147009,3.057420171,0.854726838,53.96255688,42.17280423,11.78975266
97,A,3.6,3.57,0.0909,0.0909,0.0912,0.2437,0.2437,0.2437,0.091,0.2437,11.2331,3.0078,14.2409,11.3146,3.0906,14.4052,0.1593,0.0725,0.1942,3.955797778,3.120308889,0.835488889,50.36737639,39.72947584,10.63790054
,B,3.3,,0.0915,0.0936,0.0922,0.2437,0.2437,0.2435,0.0924,0.2436,11.2126,3.1426,14.3552,,,,,,,4.350063434,3.397757172,0.952306263,50.77176676,39.65692391,11.11484285
,C,3.8,,0.0936,0.0936,0.0937,0.2495,0.2496,0.2496,0.0936,0.2496,11.4982,3.1214,14.6196,,,,,,,3.84726,3.025851579,0.821408421,51.70682606,40.66717125,11.03965481
98,A,3.8,3.83,0.1062,0.1062,0.106,0.2838,0.2835,0.2835,0.1061,0.2836,13.0695,3.522,16.5915,13.3954,3.6857,17.0811,0.4755,0.1784,0.6487,4.366175439,3.43933193,0.926843509,58.68100257,46.22430973,12.45669284
,B,3.7,,0.1085,0.1082,0.108,0.28,0.2895,0.2891,0.1082,0.2862,13.1758,3.6591,16.835,,,,,,,4.549986667,3.561027387,0.988959279,59.54216123,46.60041499,12.94174625
,C,4,,0.1145,0.1146,0.1146,0.3028,0.3028,0.3029,0.1146,0.3028,13.941,3.8758,17.8169,,,,,,,4.454213,3.485259,0.968954,63.01496781,49.30691094,13.70805687
99,A,3.5,3.63,0.0954,0.0956,0.0956,0.2543,0.2541,0.2541,0.0955,0.2542,11.7081,3.1951,14.9032,11.7371,3.1754,14.9125,0.1839,0.0805,0.261,4.258050286,3.345168,0.912882286,52.70982528,41.40937964,11.30044564
,B,3.8,,0.0936,0.0938,0.0934,0.2514,0.2511,0.2504,0.0936,0.251,11.5694,3.0869,14.6563,,,,,,,3.856923509,3.04458386,0.812339649,51.83670274,40.91893141,10.91777133
,C,3.6,,0.0972,0.0974,0.0971,0.2593,0.2591,0.2587,0.0972,0.259,11.9338,3.2442,15.1781,,,,,,,4.216127037,3.314948519,0.901178519,53.68203061,42.20773384,11.47429676
100,A,2.8,3.03,0.0829,0.0838,0.0846,0.2163,0.2173,0.2177,0.0838,0.2171,9.9747,2.9306,12.9053,10.6838,2.9245,13.6084,0.6168,0.0193,0.6135,4.609049048,3.562402381,1.046646667,45.64383297,35.2787956,10.36503737
,B,3.3,,0.0886,0.0884,0.0886,0.2384,0.2381,0.2379,0.0885,0.2381,10.9812,2.903,13.8841,,,,,,,4.207308283,3.327625051,0.879683232,49.10559996,38.83837684,10.26722313
,C,3,,0.09,0.0893,0.0893,0.2411,0.2405,0.2403,0.0895,0.2406,11.0956,2.94,14.0356,,,,,,,4.678532444,3.698534222,0.979998222,49.6413572,39.24313032,10.39822688