Leaf No.,Spot,Leaf weight (mg),Mean leaf weight (mg),A647,,,A664,,,Average,,Chlorophyll a (µg),Chlorophyll b (µg),Total Chlorophyll (µg),Avg Chlorophyll a ,Avg Chlorophyll b,Avg Total Chlorophyll,Chlorophyll a STD,Chlorophyll b STD,Total Chlorophyll STD,Total Chlorophyll (µg/mg),Chlorophyll a (µg/mg),Chlorophyll b (µg/mg),Total Chlorophyll (µg/cm2),Chlorophyll a (µg/cm2),Chlorophyll b (µg/cm2)
1,A,5.3,5.33,0.0778,0.0771,0.0764,0.1886,0.1878,0.1866,0.0771,0.1877,8.5663,2.9697,11.536,8.5289,2.4325,10.9614,0.3489,0.4731,0.6598,2.176596478,1.616285031,0.560311447,40.8005989,30.29748414,10.50311476
,B,5.3,,0.0648,0.065,0.0649,0.1771,0.1768,0.1765,0.0649,0.1768,8.1628,2.078,10.2408,,,,,,,1.932222642,1.540151698,0.392070943,36.21977789,28.87035439,7.349423499
,C,5.4,,0.0705,0.0705,0.0701,0.1921,0.1922,0.1912,0.0704,0.1918,8.8575,2.2498,11.1074,,,,,,,2.056917778,1.640279259,0.416638519,39.28469972,31.32739619,7.95730353
2,A,5.6,5.77,0.1268,0.1283,0.1296,0.3506,0.3516,0.3527,0.1282,0.3516,16.2449,4.0542,20.2992,16.1789,4.0113,20.1902,0.472,0.1256,0.596,3.62484881,2.900876905,0.723971905,71.79441654,57.45529697,14.33911957
,B,5.9,,0.1232,0.1232,0.1234,0.3397,0.3392,0.3388,0.1233,0.3392,15.6774,3.8699,19.5473,,,,,,,3.313096949,2.657181017,0.655915932,69.1351489,55.4480017,13.6871472
,C,5.8,,0.1307,0.1307,0.1308,0.3598,0.3596,0.3592,0.1307,0.3595,16.6144,4.1099,20.7243,,,,,,,3.573158161,2.864557701,0.70860046,73.29814435,58.76223621,14.53590814
3,A,5.5,5.77,0.1099,0.1101,0.11,0.3067,0.3064,0.3058,0.11,0.3063,14.1709,3.3733,17.5442,14.5551,3.5004,18.0555,0.3532,0.1103,0.4566,3.189856,2.576532364,0.613323636,62.05067553,50.11999717,11.93067836
,B,5.8,,0.1161,0.1152,0.1155,0.3224,0.3208,0.3209,0.1156,0.3214,14.8657,3.5568,18.4225,,,,,,,3.176298851,2.563055632,0.613243218,65.15715263,52.57735965,12.57979298
,C,6,,0.1148,0.1145,0.1144,0.3171,0.3164,0.3158,0.1146,0.3164,14.6287,3.5712,18.1998,,,,,,,3.033304667,2.438108667,0.595196,64.36948433,51.73888378,12.63060055
4,A,6.4,6.43,0.1158,0.1161,0.1162,0.3137,0.3137,0.3129,0.116,0.3134,14.4594,3.7748,18.2343,13.2867,3.3487,16.6354,1.0216,0.4041,1.4116,2.849103958,2.259286042,0.589817917,64.49128292,51.14037868,13.35090425
,B,6.6,,0.1024,0.1023,0.1022,0.2779,0.2775,0.2773,0.1023,0.2776,12.8103,3.3005,16.1108,,,,,,,2.441024444,1.940948889,0.500075556,56.98083516,45.30757115,11.67326401
,C,6.3,,0.0973,0.0972,0.0978,0.2723,0.2719,0.272,0.0974,0.2721,12.5904,2.9709,15.5613,,,,,,,2.470046349,1.998474286,0.471572063,55.03746198,44.52991441,10.50754757
5,A,6.8,6.33,0.1093,0.1103,0.1102,0.2799,0.2803,0.28,0.1099,0.2801,12.8454,3.9547,16.8001,13.1207,4.0755,17.1962,0.3076,0.1172,0.4228,2.470598824,1.889024706,0.581574118,59.41880173,45.43173233,13.98706939
,B,6.4,,0.1159,0.1156,0.1155,0.294,0.2934,0.2929,0.1157,0.2934,13.4526,4.1887,17.6413,,,,,,,2.75645875,2.10197125,0.6544875,62.39419962,47.57945816,14.81474146
,C,5.8,,0.1126,0.1127,0.1122,0.2855,0.2851,0.2844,0.1125,0.285,13.0641,4.083,17.1471,,,,,,,2.956396552,2.252431034,0.703965517,60.6461767,46.20534767,14.44082903
6,A,6.7,6.43,0.1013,0.102,0.1011,0.2783,0.2787,0.2775,0.1015,0.2782,12.8506,3.2095,16.0601,11.5002,2.867,14.3672,1.17,0.3178,1.4738,2.397028458,1.917994826,0.479033632,56.80162222,45.45011436,11.35150786
,B,6.5,,0.0838,0.0839,0.084,0.2336,0.2331,0.233,0.0839,0.2332,10.7888,2.5816,13.3705,,,,,,,2.056994256,1.659820513,0.397173744,47.28889675,38.15814293,9.130753814
,C,6.1,,0.0867,0.087,0.0869,0.2355,0.2353,0.2353,0.0869,0.2354,10.8612,2.8099,13.6711,,,,,,,2.241159781,1.780526776,0.460633005,48.35210676,38.41413784,9.937968923
7,A,6.4,6.07,0.1217,0.1215,0.1213,0.3279,0.3274,0.3269,0.1215,0.3274,15.1002,3.9706,19.0708,14.7106,4.2153,18.926,0.8772,0.3796,0.5105,2.979813125,2.359406875,0.62040625,67.44996817,53.40667751,14.04329066
,B,5.8,,0.122,0.1222,0.1225,0.2398,0.33,0.3302,0.1222,0.3,13.7061,4.6526,18.3587,,,,,,,3.165289425,2.363118851,0.802170575,64.93131027,48.47594728,16.455363
,C,6,,0.1232,0.1231,0.1234,0.3326,0.3321,0.3321,0.1232,0.3323,15.3255,4.0229,19.3484,,,,,,,3.224731333,2.554255333,0.670476,68.43173233,54.2036217,14.22811063
8,A,6.9,6.73,0.1474,0.148,0.1483,0.4048,0.4054,0.4049,0.1479,0.405,18.7096,4.6879,23.3975,18.3189,4.7313,23.0502,0.6345,0.1743,0.7683,3.390937778,2.711536425,0.679401353,82.75260192,66.17245998,16.58014194
,B,6.6,,0.1504,0.1504,0.1502,0.4049,0.4047,0.4043,0.1503,0.4046,18.6603,4.9232,23.5835,,,,,,,3.573257778,2.827314343,0.745943434,83.41055858,65.99800052,17.41255806
,C,6.7,,0.1408,0.1412,0.1411,0.3816,0.3814,0.3806,0.141,0.3812,17.5867,4.5829,22.1696,,,,,,,3.308891741,2.624882587,0.684009154,78.4097569,62.20100917,16.20874773
9,A,7,6.8,0.1367,0.1365,0.1368,0.3714,0.71,0.3711,0.1367,0.4842,22.8449,1.8701,24.7151,18.5478,3.3421,21.8898,3.7519,1.2828,2.5244,3.53072381,3.263561905,0.267161905,87.41269954,80.79837778,6.614321756
,B,6.9,,0.1241,0.1255,0.1261,0.344,0.3448,0.3448,0.1252,0.3445,15.9218,3.9342,19.856,,,,,,,2.877677874,2.307509372,0.570168502,70.22698357,56.31256514,13.91441843
,C,6.5,,0.1333,0.1334,0.1333,0.3659,0.3651,0.365,0.1333,0.3653,16.8766,4.2219,21.0985,,,,,,,3.245915897,2.596397949,0.649517949,74.62139539,59.6894202,14.9319752
10,A,6.9,6.7,0.0862,0.086,0.0861,0.2405,0.2398,0.2396,0.0861,0.24,11.103,2.6355,13.7384,10.1699,2.3186,12.4886,1.4923,0.5087,2.0009,1.991079614,1.609124444,0.381955169,48.59039872,39.26914716,9.321251562
,B,6.7,,0.0849,0.0847,0.0849,0.237,0.2369,0.2365,0.0848,0.2368,10.958,2.5886,13.5466,,,,,,,2.021876816,1.635522587,0.386354229,47.91177289,38.75645941,9.15531348
,C,6.5,,0.0623,0.0624,0.0625,0.182,0.1819,0.1817,0.0624,0.1819,8.4489,1.7319,10.1808,,,,,,,1.566270359,1.299826872,0.266443487,36.00748862,29.88213435,6.125354271
11,A,6,5.8,0.0428,0.0451,0.0472,0.1014,0.1034,0.1054,0.045,0.1034,4.6893,1.8737,6.563,4.3858,1.3502,5.7359,0.2793,0.4546,0.7275,1.093841111,0.781550889,0.312290222,23.21230341,16.58522082,6.627082596
,B,5.9,,0.0345,0.0347,0.0347,0.0937,0.0939,0.0938,0.0346,0.0938,4.3283,1.1212,5.4495,,,,,,,0.923640452,0.733612429,0.190028023,19.27381576,15.30845771,3.965358044
,C,5.5,,0.033,0.0329,0.0329,0.0897,0.0897,0.0896,0.0329,0.0897,4.1397,1.0556,5.1952,,,,,,,0.944590545,0.752666182,0.191924364,18.37464809,14.6412393,3.733408785
12,A,6.1,5.97,0.1143,0.1143,0.1144,0.3067,0.3061,0.3059,0.1143,0.3062,14.1157,3.7779,17.8937,13.787,3.6438,17.4308,0.2884,0.1183,0.4016,2.933389727,2.314054208,0.619335519,63.28668506,49.92477423,13.36191083
,B,6,,0.1094,0.1096,0.1096,0.2966,0.2962,0.296,0.1095,0.2963,13.6692,3.5546,17.2238,,,,,,,2.870638667,2.278204,0.592434667,60.91756384,48.34556129,12.57200255
,C,5.8,,0.1098,0.1094,0.1095,0.2951,0.2943,0.2939,0.1096,0.2944,13.5761,3.5988,17.1749,,,,,,,2.961191034,2.340712414,0.620478621,60.74452854,48.01631181,12.72821674
13,A,5.4,5.43,0.068,0.068,0.068,0.1863,0.1859,0.1856,0.068,0.1859,8.5875,2.1618,10.7493,8.3878,2.067,10.4548,0.2425,0.0964,0.3371,1.990615309,1.590279506,0.400335802,38.01840089,30.37245998,7.645940912
,B,5.4,,0.0663,0.0665,0.0661,0.1832,0.1831,0.1826,0.0663,0.183,8.4578,2.0701,10.5279,,,,,,,1.949619506,1.566267901,0.383351605,37.23542949,29.91386669,7.321562802
,C,5.5,,0.0633,0.0634,0.0636,0.1755,0.1757,0.1755,0.0634,0.1756,8.118,1.9691,10.0871,,,,,,,1.834024,1.475997818,0.358026182,35.67635283,28.71184834,6.964504492
14,A,6.5,6.03,0.0675,0.0679,0.0677,0.1863,0.1863,0.186,0.0677,0.1862,8.6046,2.1279,10.7325,8.0967,2.0068,10.1036,0.7122,0.2188,0.9287,1.651155077,1.323781538,0.327373538,37.95893047,30.43283582,7.526094645
,B,6.1,,0.0665,0.0667,0.0672,0.182,0.182,0.182,0.0668,0.182,8.403,2.1383,10.5413,,,,,,,1.728076066,1.377539672,0.350536393,37.28253519,29.7198557,7.562679494
,C,5.5,,0.0569,0.0566,0.0568,0.1577,0.1574,0.1573,0.0568,0.1575,7.2826,1.7543,9.0369,,,,,,,1.643073212,1.324106424,0.318966788,31.96188253,25.75718092,6.20470161
15,A,7.1,6.87,0.1444,0.1442,0.1442,0.3388,0.3874,0.3869,0.1443,0.371,17.0332,5.1118,22.145,16.4794,4.1941,20.6735,1.5692,0.9802,2.429,3.119009953,2.399038498,0.719971455,78.32273703,60.24323878,18.07949824
,B,6.6,,0.1103,0.1103,0.1103,0.3173,0.3171,0.3166,0.1103,0.317,14.7083,3.1615,17.8698,,,,,,,2.707552121,2.228535152,0.47901697,63.20239089,52.02069746,11.18169343
,C,6.9,,0.1379,0.1378,0.1397,0.3823,0.3822,0.3838,0.1385,0.3828,17.6966,4.309,22.0056,,,,,,,3.189215459,2.564727729,0.624487729,77.82976115,62.5897338,15.24002735
16,A,6.2,6.23,0.0844,0.0846,0.0845,0.2302,0.2298,0.2297,0.0845,0.2299,10.6131,2.7121,13.3252,9.6769,2.3587,12.0356,1.3845,0.5543,1.9385,2.149232903,1.711794194,0.43743871,47.12896654,37.53669095,9.592275589
,B,6.5,,0.0606,0.0603,0.0604,0.1746,0.174,0.1741,0.0604,0.1742,8.0865,1.7199,9.8063,,,,,,,1.508668513,1.244069949,0.264598564,34.68326142,28.60032067,6.082940747
,C,6,,0.0823,0.0822,0.0824,0.224,0.2238,0.2236,0.0823,0.2238,10.331,2.6441,12.9751,,,,,,,2.162515333,1.721836667,0.440678667,45.89054255,36.53894037,9.351602179
17,A,5.9,5.7,0.418,0.0418,0.0418,0.1135,0.113,0.1127,0.1672,0.1131,3.7169,13.0236,16.7405,4.1669,5.0309,9.1978,0.5166,6.924,6.5519,2.837378531,0.629989605,2.207388927,59.20822428,13.14613662,46.06208767
,B,5.7,,0.0304,0.0303,0.0303,0.0877,0.0872,0.0871,0.0303,0.0873,4.0528,0.8659,4.9187,,,,,,,0.862935673,0.711015205,0.151920468,17.39666596,14.33396996,3.062695999
,C,5.5,,0.0377,0.0376,0.0375,0.1025,0.1025,0.1024,0.0376,0.1025,4.731,1.2031,5.9341,,,,,,,1.078921697,0.860185212,0.218736485,20.98772488,16.7327533,4.254971588
18,A,7.3,7.07,0.1388,0.1387,0.1385,0.3689,0.3684,0.3681,0.1387,0.3685,16.9712,4.6479,21.6191,16.9529,4.5888,21.5416,0.4081,0.1216,0.5225,2.961522557,2.32482484,0.636697717,76.46287991,60.02412582,16.4387541
,B,7.2,,0.1407,0.1409,0.1409,0.3771,0.3763,0.3761,0.1408,0.3765,17.3515,4.6695,22.021,,,,,,,3.058473148,2.409926852,0.648546296,77.88429888,61.36900804,16.51529084
,C,6.7,,0.1343,0.1342,0.1341,0.359,0.3588,0.3586,0.1342,0.3588,16.5359,4.4488,20.9847,,,,,,,3.132051343,2.468044179,0.664007164,74.21922614,58.48445922,15.73476692
19,A,5.7,5.73,0.1161,0.116,0.1158,0.3117,0.3111,0.3106,0.116,0.3111,14.3439,3.8202,18.1641,14.6245,3.8586,18.4832,0.2554,0.036,0.2913,3.186682807,2.516480702,0.670202105,64.24309259,50.73190917,13.51118342
,B,5.8,,0.1195,0.1191,0.1193,0.3224,0.3216,0.3214,0.1193,0.3218,14.8434,3.8914,18.7347,,,,,,,3.230126207,2.559203448,0.670922759,66.26134258,52.4983377,13.76300488
,C,5.7,,0.1181,0.1183,0.1182,0.3188,0.3183,0.3182,0.1182,0.3184,14.6863,3.8644,18.5507,,,,,,,3.254515556,2.576546901,0.677968655,65.61059159,51.94283559,13.66775601
20,A,6,5.97,0.0198,0.0199,0.0202,0.0587,0.0587,0.0589,0.02,0.0588,2.7324,0.5413,3.2738,3.0582,0.6203,3.6784,0.6499,0.2404,0.888,0.545627778,0.455406889,0.090220889,11.57871779,9.664148452,1.914569333
,B,5.9,,0.0293,0.0292,0.0296,0.0822,0.0821,0.0824,0.0294,0.0822,3.8065,0.8902,4.6967,,,,,,,0.796057627,0.645168136,0.150889492,16.61151588,13.46287048,3.148645399
,C,6,,0.0185,0.0181,0.018,0.0566,0.0565,0.0562,0.0182,0.0564,2.6356,0.4292,3.0648,,,,,,,0.510803111,0.439266222,0.071536889,10.83970668,9.321628823,1.518077857
21,A,7,6.93,0.08,0.08,0.0801,0.2365,0.2365,0.2359,0.08,0.2363,10.9901,2.1532,13.1433,12.9742,3.0719,16.0461,1.7183,0.796,2.5139,1.87761581,1.570018476,0.307597333,46.4855014,38.87009031,7.615411096
,B,7.1,,0.1109,0.1109,0.1112,0.3026,0.3024,0.3018,0.111,0.3023,13.955,3.5567,17.5117,,,,,,,2.466437934,1.965498967,0.500938967,61.93573365,49.35644998,12.57928368
,C,6.7,,0.1104,0.1105,0.1107,0.3032,0.3024,0.3022,0.1105,0.3026,13.9775,3.5058,17.4833,,,,,,,2.609441592,2.086190647,0.523250945,61.83510882,49.43579732,12.3993115
22,A,6,5.87,0.0346,0.0346,0.0348,0.097,0.097,0.0971,0.0347,0.097,4.4914,1.0518,5.5432,3.7822,0.8113,4.5935,1.0614,0.3916,1.4525,0.923872,0.748565333,0.175306667,19.60540426,15.88523732,3.720166938
,B,5.9,,0.0333,0.0332,0.0335,0.0929,0.0928,0.0927,0.0333,0.0928,4.2933,1.0226,5.3159,,,,,,,0.901002486,0.727678192,0.173324294,18.80142416,15.18462663,3.616797529
,C,5.7,,0.017,0.0171,0.017,0.0547,0.0548,0.0546,0.017,0.0547,2.5619,0.3595,2.9214,,,,,,,0.512528889,0.44945848,0.063070409,10.33251279,9.061021905,1.271490887
23,A,5.4,5.57,0.1247,0.1249,0.1248,0.3297,0.3293,0.3288,0.1248,0.3293,15.1551,4.2358,19.3909,15.1389,4.1806,19.3195,0.2503,0.1187,0.3638,3.59091358,2.806502716,0.784410864,68.58220745,53.60088656,14.98132088
,B,5.4,,0.1262,0.1261,0.1264,0.3342,0.334,0.334,0.1262,0.3341,15.3807,4.2617,19.6423,,,,,,,3.637465926,2.84827037,0.789195556,69.47130226,54.39859942,15.07270284
,C,5.9,,0.1212,0.1212,0.1213,0.3233,0.323,0.3227,0.1212,0.323,14.8809,4.0443,18.9253,,,,,,,3.20767435,2.522191412,0.685482938,66.93527151,52.63114286,14.30412865
24,A,6.2,5.97,0.1035,0.1036,0.1038,0.2878,0.2874,0.287,0.1036,0.2874,13.2915,3.2043,16.4958,12.4613,2.953,15.4143,1.3816,0.4813,1.8618,2.660608817,2.143788602,0.516820215,58.34255736,47.00958242,11.33297494
,B,6,,0.0821,0.0824,0.0821,0.2345,0.2345,0.2341,0.0822,0.2344,10.8665,2.3981,13.2645,,,,,,,2.210756889,1.811077778,0.399679111,46.91427224,38.43271793,8.481554314
,C,5.7,,0.1038,0.104,0.1039,0.2864,0.2862,0.2859,0.1039,0.2862,13.2259,3.2567,16.4827,,,,,,,2.891695673,2.320340819,0.571354854,58.29619203,46.77775577,11.51843625
25,A,6.3,6.25,0.1334,0.1337,0.1334,0.3689,0.3683,0.3676,0.1335,0.3683,17.0229,4.1717,21.1946,16.5355,4.0025,20.538,0.4327,0.148,0.5803,3.364217354,2.702048042,0.662169312,74.96134022,60.2069133,14.75442692
,B,6.4,,0.1276,0.1275,0.1278,0.3547,0.3541,0.3541,0.1276,0.3543,16.3869,3.9387,20.3256,,,,,,,3.175874792,2.560455208,0.615419583,71.88794888,57.9575346,13.93041428
,C,5.9,,0.1262,0.1262,0.1262,0.3507,0.3502,0.3497,0.1262,0.3502,16.1968,3.8972,20.0939,,,,,,,3.405750508,2.745213559,0.660536949,71.06857183,57.28499682,13.78357502
26,A,6.4,6.33,0.1044,0.1047,0.1054,0.2945,0.295,0.2957,0.1048,0.2951,13.6648,3.1442,16.809,11.4094,2.5846,13.9939,4.3896,1.3642,5.7488,2.626400625,2.135119375,0.49128125,59.45025111,48.32978708,11.12046403
,B,6.4,,0.0439,0.0439,0.0436,0.1362,0.1359,0.1358,0.0438,0.136,6.3506,1.0295,7.3801,,,,,,,1.153144583,0.992285417,0.160859167,26.10216217,22.46101247,3.641149702
,C,5.8,,0.1126,0.1126,0.1125,0.3082,0.3077,0.3073,0.1126,0.3077,14.2127,3.58,17.7927,,,,,,,3.067702759,2.450465517,0.617237241,62.9294617,50.26773714,12.66172455
27,A,6.7,6.18,0.1192,0.1207,0.1217,0.3369,0.3383,0.3386,0.1205,0.3379,15.6443,3.6447,19.289,14.9774,3.4381,18.4155,0.5777,0.187,0.7595,2.87896199,2.334974726,0.543987264,68.22184811,55.33115465,12.89069345
,B,6.5,,0.1118,0.1125,0.1136,0.316,0.3167,0.3169,0.1126,0.3165,14.6568,3.3891,18.0459,,,,,,,2.776290667,2.254897026,0.521393641,63.82503124,51.8385466,11.98648464
,C,6.6,,0.1113,0.1115,0.111,0.3161,0.3158,0.3152,0.1113,0.3157,14.631,3.2806,17.9116,,,,,,,2.713880808,2.216824646,0.497056162,63.35012143,51.74733913,11.6027823
28,A,4.9,4.83,0.061,0.0661,0.066,0.1798,0.1794,0.1791,0.0644,0.1794,8.3023,1.9694,10.2717,7.8769,1.9736,9.8505,0.372,0.0461,0.3775,2.096263673,1.694351837,0.401911837,36.32910801,29.36381128,6.965296739
,B,4.8,,0.0603,0.0605,0.0605,0.1649,0.165,0.1647,0.0604,0.1649,7.6129,1.9297,9.5426,,,,,,,1.9880375,1.586015833,0.402021667,33.75037137,26.92535899,6.825012379
,C,4.8,,0.0619,0.0621,0.062,0.1676,0.1673,0.1669,0.062,0.1673,7.7155,2.0217,9.7372,,,,,,,2.028581111,1.607392222,0.421188889,34.43866921,27.28826012,7.150409092
29,A,7.3,7,0.1443,0.1441,0.1442,0.3955,0.3947,0.3944,0.1442,0.3949,18.2398,4.5714,22.8112,17.9422,4.4673,22.4095,0.3129,0.0969,0.4078,3.124819361,2.498606393,0.626212968,80.67900309,64.51095235,16.16805074
,B,6.8,,0.141,0.1418,0.1416,0.3891,0.3889,0.3887,0.1415,0.3889,17.9708,4.4507,22.4215,,,,,,,3.29728549,2.64277098,0.65451451,79.30091721,63.55960482,15.7413124
,C,6.9,,0.139,0.1389,0.1387,0.3819,0.3813,0.3806,0.1389,0.3813,17.616,4.3798,21.9958,,,,,,,3.18779401,2.553043092,0.634750918,77.79507203,62.30458136,15.49049067
30,A,6.1,5.97,0.1241,0.1245,0.1241,0.3432,0.3428,0.3423,0.1242,0.3428,15.8445,3.8807,19.7251,15.7497,3.8388,19.5885,0.0864,0.0766,0.1251,3.23363082,2.597451148,0.636179672,69.76426399,56.03894744,13.72531655
,B,5.9,,0.1234,0.1234,0.1235,0.3397,0.3393,0.3387,0.1234,0.3392,15.6754,3.8854,19.5608,,,,,,,3.315387345,2.656843164,0.658544181,69.1829431,55.44095164,13.74199146
,C,5.9,,0.1221,0.122,0.1224,0.3403,0.3401,0.3396,0.1222,0.34,15.7293,3.7504,19.4797,,,,,,,3.301639548,2.665980791,0.635658757,68.8960647,55.63162859,13.26443611
31,A,5,5.2,0.0375,0.0396,0.0414,0.0889,0.0909,0.0925,0.0395,0.0908,4.1167,1.6419,5.7586,4.24,1.2968,5.5368,0.1861,0.3006,0.2663,1.151729867,0.823348533,0.328381333,20.36729622,14.56017071,5.80712551
,B,5.4,,0.0334,0.0334,0.0334,0.09,0.09,0.0899,0.0334,0.09,4.1493,1.0923,5.2415,,,,,,,0.970654321,0.768379753,0.202274568,18.5383509,14.6751456,3.863205301
,C,5.2,,0.0355,0.0355,0.036,0.0966,0.0965,0.0965,0.0357,0.0965,4.4542,1.1561,5.6102,,,,,,,1.078890769,0.856567692,0.222323077,19.84237108,15.75352621,4.088844875
32,A,7,6.93,0.1118,0.1118,0.112,0.3034,0.3034,0.3031,0.1119,0.3033,13.9969,3.6142,17.6111,14.1174,3.6163,17.7338,0.1047,0.0109,0.1063,2.51586819,1.999560381,0.51630781,62.28718021,49.50457193,12.78260829
,B,6.9,,0.1128,0.1127,0.1127,0.3075,0.3074,0.3068,0.1127,0.3072,14.1854,3.6067,17.7921,,,,,,,2.57856657,2.055858937,0.522707633,62.9274575,50.17127632,12.75618118
,C,6.9,,0.1131,0.1128,0.1128,0.3071,0.307,0.3068,0.1129,0.307,14.17,3.6282,17.7981,,,,,,,2.579436715,2.053616039,0.525820676,62.94869256,50.11654052,12.83215204
33,A,7.6,7.47,0.1276,0.1277,0.1276,0.3445,0.3442,0.3443,0.1276,0.3443,15.883,4.1619,20.0449,14.8172,3.8932,18.7104,0.9942,0.2765,1.2668,2.637491754,2.089868246,0.547623509,70.89530075,56.17528,14.72002075
,B,7.2,,0.1185,0.1186,0.1185,0.3181,0.3177,0.3178,0.1185,0.3179,14.6537,3.9081,18.5618,,,,,,,2.578028889,2.035233333,0.542795556,65.64974181,51.82740327,13.82233854
,C,7.6,,0.1115,0.1115,0.1112,0.3019,0.3017,0.3011,0.1114,0.3016,13.9149,3.6096,17.5244,,,,,,,2.305845965,1.830903509,0.474942456,61.98072198,49.21435477,12.76636722
34,A,6.7,6.93,0.1135,0.1131,0.1131,0.3081,0.3077,0.3076,0.1132,0.3078,14.2081,3.6405,17.8486,13.5506,3.3439,16.8945,0.989,0.5648,1.5503,2.663971144,2.120611542,0.543359602,63.1272783,50.25145835,12.87581995
,B,6.9,,0.0933,0.0935,0.0933,0.2676,0.2678,0.2674,0.0934,0.2676,12.4132,2.6926,15.1058,,,,,,,2.189244251,1.79901314,0.390231111,53.42641767,43.90319964,9.523218033
,C,7.2,,0.1129,0.113,0.1131,0.3043,0.3043,0.3041,0.113,0.3042,14.0306,3.6987,17.7293,,,,,,,2.462395926,1.948688519,0.513707407,62.70513782,49.62353163,13.08160619
35,A,7.7,7.2,0.0245,0.0248,0.0246,0.0715,0.0717,0.0716,0.0246,0.0716,3.3255,0.688,4.0135,3.2988,0.6775,3.9762,0.0926,0.0277,0.1201,0.521237229,0.431880693,0.089356537,14.19511448,11.76162316,2.433491311
,B,7,,0.0237,0.0235,0.0233,0.0691,0.0686,0.0686,0.0235,0.0688,3.1958,0.6461,3.8418,,,,,,,0.548835619,0.456540381,0.092295238,13.58792294,11.30290255,2.285020396
,C,6.9,,0.0249,0.025,0.0251,0.0727,0.0726,0.0727,0.025,0.0727,3.375,0.6983,4.0733,,,,,,,0.590332367,0.4891343,0.101198068,14.40649831,11.936856,2.46964231
36,A,7.2,7.07,0.0543,0.0543,0.0544,0.1442,0.1442,0.1442,0.0543,0.1442,6.6409,1.8251,8.466,6.6171,1.8249,8.442,0.4293,0.0952,0.5244,1.175835926,0.922350741,0.253485185,29.94276956,23.4877461,6.455023461
,B,7.1,,0.0575,0.0574,0.0573,0.1529,0.1527,0.1525,0.0574,0.1527,7.034,1.92,8.954,,,,,,,1.261130141,0.990705352,0.270424789,31.66875575,24.87800806,6.790747683
,C,6.9,,0.0509,0.0508,0.051,0.1341,0.1342,0.1343,0.0509,0.1342,6.1764,1.7297,7.906,,,,,,,1.145803478,0.895128696,0.250674783,27.96224093,21.84476197,6.117478956
37,A,7.2,7.1,0.1007,0.1007,0.1009,0.2681,0.268,0.2679,0.1008,0.268,12.3449,3.3721,15.717,12.0945,3.2393,15.3339,0.2611,0.118,0.3736,2.182922407,1.714570926,0.468351481,55.58831907,43.66170569,11.92661338
,B,7.1,,0.0957,0.0953,0.0957,0.2567,0.2562,0.2565,0.0956,0.2565,11.824,3.1467,14.9706,,,,,,,2.108541784,1.66534892,0.443192864,52.94845677,41.81925915,11.12919761
,C,7,,0.0974,0.098,0.0975,0.2626,0.263,0.2625,0.0976,0.2627,12.1148,3.1992,15.3139,,,,,,,2.187704343,1.7306792,0.457025143,54.16258895,42.8476848,11.31490415
38,A,6.3,6.1,0.1559,0.156,0.1562,0.4023,0.402,0.4021,0.156,0.4021,18.4657,5.5096,23.9753,18.9223,5.6709,24.5932,0.503,0.1774,0.6805,3.805596402,2.931063915,0.874532487,84.79612836,65.30983471,19.48629365
,B,6.1,,0.1651,0.165,0.1651,0.4241,0.4239,0.4239,0.1651,0.424,19.4616,5.8609,25.3225,,,,,,,4.151230601,3.190419235,0.960811366,89.56110443,68.8319917,20.72911273
,C,5.9,,0.1594,0.1595,0.1594,0.4102,0.4104,0.4104,0.1594,0.4103,18.8396,5.6422,24.4818,,,,,,,4.149464633,3.19315774,0.956306893,86.58782391,66.6323501,19.95547382
39,A,5.5,5.43,0.1132,0.1129,0.1129,0.3073,0.307,0.3067,0.113,0.307,14.1704,3.6367,17.8072,13.7296,3.5132,17.2429,0.3826,0.107,0.4895,3.237665455,2.576443636,0.661221818,62.98068897,50.1182712,12.86241777
,B,5.2,,0.1075,0.1073,0.1074,0.2923,0.292,0.292,0.1074,0.2921,13.4841,3.4495,16.9335,,,,,,,3.256447692,2.593090769,0.663356923,59.89081135,47.69071232,12.20009903
,C,5.6,,0.1076,0.1079,0.1076,0.293,0.2932,0.2933,0.1077,0.2932,13.5344,3.4535,16.9879,,,,,,,3.033551667,2.416859762,0.616691905,60.0830775,47.86876518,12.21431232
40,A,5.9,5.6,0.1563,0.1565,0.1563,0.3964,0.3967,0.3965,0.1564,0.3965,18.1786,5.666,23.8446,18.1768,5.6883,23.865,0.1106,0.0356,0.1417,4.041455593,3.081115254,0.960340339,84.33397468,64.29433402,20.03964066
,B,5.5,,0.1556,0.1559,0.156,0.3943,0.3943,0.3939,0.1558,0.3942,18.0653,5.6694,23.7347,,,,,,,4.3154,3.2846,1.0308,83.94532079,63.89368324,20.05163755
,C,5.4,,0.1576,0.1577,0.1576,0.399,0.3991,0.3988,0.1576,0.399,18.2865,5.7294,24.0158,,,,,,,4.447372593,3.386381481,1.060991111,84.93956285,64.67588597,20.26367688
41,A,5.6,5.3,0.1339,0.1352,0.1358,0.3374,0.3384,0.3392,0.135,0.3383,15.4919,4.9786,20.4706,14.2862,4.4014,18.6876,1.0896,0.5055,1.5918,3.655457857,2.766416429,0.889041429,72.40066492,54.79214826,17.60851666
,B,4.9,,0.1134,0.1136,0.1136,0.2916,0.2915,0.2909,0.1135,0.2913,13.372,4.0373,17.4092,,,,,,,3.552903946,2.72897034,0.823933605,61.57328052,47.29417368,14.27910684
,C,5.4,,0.1186,0.1184,0.1182,0.3071,0.3067,0.3006,0.1184,0.3048,13.9946,4.1884,18.183,,,,,,,3.36722963,2.591597037,0.775632593,64.31010823,49.49644196,14.81366627
42,A,5.7,5.63,0.1104,0.1102,0.11,0.2953,0.295,0.2945,0.1102,0.2949,13.5938,3.6465,17.2403,13.544,3.6383,17.1824,0.089,0.0378,0.1255,3.024620819,2.384883743,0.639737076,60.97594492,48.07893235,12.89701257
,B,5.6,,0.1088,0.1089,0.1089,0.2917,0.2917,0.2914,0.1089,0.2916,13.4413,3.5971,17.0384,,,,,,,3.042565238,2.400223333,0.642341905,60.26160194,47.53926104,12.7223409
,C,5.6,,0.1105,0.1105,0.1105,0.2954,0.2951,0.2947,0.1105,0.2951,13.597,3.6714,17.2684,,,,,,,3.083645952,2.428034048,0.655611905,61.07525406,48.09008512,12.98516894
43,A,6.5,5.87,0.1099,0.1099,0.1098,0.2985,0.2983,0.2981,0.1099,0.2983,13.768,3.5401,17.3081,13.9541,3.6302,17.5843,0.1613,0.0813,0.2396,2.662787282,2.11816041,0.544626872,61.21566575,48.69506496,12.52060079
,B,5.4,,0.1129,0.1129,0.1133,0.3046,0.3043,0.3043,0.113,0.3044,14.0386,3.6981,17.7366,,,,,,,3.284564198,2.599738025,0.684826173,62.73129613,49.65192521,13.07937092
,C,5.7,,0.1128,0.1126,0.1124,0.3046,0.3048,0.3045,0.1126,0.3046,14.0556,3.6525,17.7081,,,,,,,3.10668117,2.465888655,0.640792515,62.63027045,49.71198038,12.91829007
44,A,5,4.83,0.1142,0.1148,0.1141,0.293,0.2935,0.293,0.1144,0.2932,13.4547,4.0737,17.5284,13.305,4.0055,17.3105,0.3458,0.0927,0.4351,3.505684533,2.690936267,0.814748267,61.99484568,47.58676287,14.40808281
,B,4.7,,0.1095,0.1097,0.1097,0.2812,0.2813,0.2813,0.1096,0.2813,12.9096,3.8999,16.8095,,,,,,,3.576497872,2.746729362,0.829768511,59.45228832,45.65900828,13.79328005
,C,4.8,,0.1145,0.1145,0.1145,0.2952,0.2952,0.2949,0.1145,0.2951,13.5508,4.0428,17.5937,,,,,,,3.665349167,2.823090833,0.842258333,62.22563486,47.92684445,14.29879041
45,A,6.1,5.87,0.1022,0.102,0.1018,0.2808,0.2804,0.2803,0.102,0.2805,12.9622,3.2069,16.169,11.6335,2.7241,14.3576,1.5139,0.5882,2.101,2.650662295,2.124944262,0.525718033,57.18695621,45.84480441,11.3421518
,B,5.8,,0.0934,0.0934,0.0933,0.2586,0.2586,0.2583,0.0934,0.2585,11.9531,2.8964,14.8495,,,,,,,2.560263678,2.060878391,0.499385287,52.52008677,42.2759237,10.24416307
,C,5.7,,0.074,0.0741,0.0739,0.2151,0.215,0.2149,0.074,0.215,9.9854,2.069,12.0543,,,,,,,2.114792982,1.751817544,0.362975439,42.63393931,35.31640376,7.317535545
46,A,5.4,5.33,0.1266,0.1265,0.1266,0.3312,0.3311,0.3308,0.1266,0.331,15.2233,4.3606,19.5839,15.0507,4.2528,19.3035,0.1556,0.0934,0.2461,3.626652593,2.819131111,0.807521481,69.26478036,53.84207399,15.42270637
,B,5.2,,0.123,0.1231,0.1236,0.324,0.3243,0.3245,0.1232,0.3243,14.9211,4.2021,19.1231,,,,,,,3.677520769,2.869433077,0.808087692,67.63495791,52.77304944,14.86190847
,C,5.4,,0.1235,0.1236,0.1237,0.3264,0.3259,0.3259,0.1236,0.3261,15.0077,4.1959,19.2035,,,,,,,3.556208395,2.779199012,0.777009383,67.91937941,53.07941808,14.83996133
47,A,5,4.97,0.0553,0.0552,0.0555,0.1482,0.148,0.1483,0.0553,0.1482,6.8295,1.8293,8.6588,6.965,1.818,8.783,0.1934,0.0846,0.2609,1.73176,1.365904,0.365856,30.62460211,24.15477117,6.46983094
,B,5.1,,0.0581,0.0578,0.0578,0.156,0.1557,0.1558,0.0579,0.1558,7.1864,1.8963,9.0828,,,,,,,1.780940915,1.409107712,0.371833203,32.12420834,25.41716536,6.707042984
,C,4.8,,0.0544,0.0542,0.0547,0.1491,0.149,0.1487,0.0544,0.1489,6.879,1.7284,8.6074,,,,,,,1.793211944,1.433134722,0.360077222,30.44287095,24.32993799,6.112932966
48,A,6,5.8,0.0318,0.0319,0.0322,0.0926,0.0929,0.093,0.032,0.0928,4.3113,0.8947,5.206,3.9408,0.7976,4.7384,0.5273,0.1627,0.6892,0.867674,0.718555333,0.149118667,18.41283158,15.24839782,3.164433755
,B,5.8,,0.0313,0.0311,0.0312,0.0899,0.0899,0.09,0.0312,0.0899,4.1739,0.8883,5.0622,,,,,,,0.872796322,0.719634023,0.153162299,17.90414751,14.76224564,3.141901865
,C,5.6,,0.0237,0.0239,0.0238,0.0717,0.0716,0.0716,0.0238,0.0716,3.3371,0.6098,3.9469,,,,,,,0.704803333,0.595916667,0.108886667,13.95946335,11.80283417,2.156629176
49,A,6.3,6.23,0.1215,0.1215,0.1214,0.333,0.3326,0.3325,0.1215,0.3327,15.3686,3.8488,19.2173,15.2731,3.8004,19.0735,0.1442,0.1149,0.2574,3.05037291,2.439455661,0.610917249,67.96827238,54.35584164,13.61243074
,B,6.3,,0.1216,0.1216,0.122,0.3322,0.3322,0.3324,0.1217,0.3323,15.3435,3.8833,19.2268,,,,,,,3.051867937,2.435471746,0.61639619,68.00158449,54.26707222,13.73451227
,C,6.1,,0.1182,0.1181,0.118,0.3268,0.3268,0.3266,0.1181,0.3267,15.1072,3.6692,18.7764,,,,,,,3.078091585,2.476583825,0.60150776,66.40856853,53.43128434,12.9772842
50,A,6,5.93,0.1283,0.128,0.128,0.3422,0.3417,0.3419,0.1281,0.3419,15.7561,4.2591,20.0152,15.5409,4.1653,19.7062,0.2001,0.0837,0.2834,3.335865111,2.626012222,0.709852889,70.79009219,55.72636816,15.06372403
,B,5.9,,0.1241,0.1241,0.1246,0.3331,0.3332,0.3333,0.1243,0.3332,15.3604,4.0981,19.4585,,,,,,,3.298042938,2.603451299,0.694591638,68.82101342,54.32681144,14.49420198
,C,5.9,,0.1251,0.1255,0.1258,0.3363,0.3363,0.3365,0.1255,0.3364,15.5061,4.1388,19.6449,,,,,,,3.32964791,2.62815548,0.701492429,69.48052156,54.84231921,14.63820235
51,A,5.2,4.8,0.1216,0.1223,0.1231,0.3232,0.3233,0.3238,0.1223,0.3234,14.8897,4.137,19.0267,13.3998,3.5199,16.9197,1.3042,0.5362,1.8397,3.658974872,2.863400513,0.795574359,67.29387187,52.66210181,14.63177006
,B,4.7,,0.0989,0.099,0.0992,0.2703,0.2699,0.2697,0.099,0.27,12.4651,3.1668,15.6319,,,,,,,3.325932766,2.65214383,0.673788936,55.28713306,44.08670864,11.20042442
,C,4.5,,0.1021,0.1021,0.1017,0.279,0.2781,0.2774,0.102,0.2782,12.8446,3.256,16.1006,,,,,,,3.577917926,2.854352296,0.72356563,56.94500483,45.42896418,11.51604065
52,A,5.5,5.4,0.0984,0.0984,0.0986,0.2717,0.2713,0.2711,0.0985,0.2714,12.5426,3.0827,15.6254,12.0839,2.8804,14.9643,1.7447,0.5901,2.3337,2.84097503,2.280479515,0.560495515,55.26406828,44.36102898,10.90303931
,B,5.2,,0.1066,0.1065,0.1065,0.2937,0.2931,0.293,0.1065,0.2933,13.5534,3.3427,16.8961,,,,,,,3.249252308,2.606427692,0.642824615,59.75847775,47.93599774,11.82248002
,C,5.5,,0.0765,0.0766,0.0765,0.2192,0.2192,0.2185,0.0765,0.219,10.1556,2.2158,12.3714,,,,,,,2.249349818,1.846475636,0.402874182,43.75547853,35.9185683,7.836910236
53,A,7,6.9,0.1288,0.1287,0.1284,0.341,0.3399,0.339,0.1286,0.34,15.6503,4.3528,20.0031,16.0889,4.4353,20.5242,0.7416,0.1563,0.8976,2.857578857,2.235751429,0.621827429,70.74715993,55.35212563,15.39503431
,B,6.9,,0.1381,0.1382,0.1382,0.3686,0.3676,0.3673,0.1382,0.3678,16.9452,4.6156,21.5607,,,,,,,3.124744928,2.455823188,0.668921739,76.25641933,59.93202235,16.32439697
,C,6.8,,0.1285,0.1286,0.1286,0.3407,0.3403,0.3401,0.1286,0.3404,15.6713,4.3376,20.0089,,,,,,,2.942486863,2.304600196,0.637886667,70.76788097,55.42647426,15.34140671
54,A,7.3,7.2,0.1071,0.107,0.107,0.2894,0.2889,0.2886,0.107,0.289,13.33,3.4855,16.8156,13.3808,3.5401,16.9208,0.0462,0.0566,0.0927,2.303501918,1.826032329,0.477469589,59.47359411,47.14591497,12.32767914
,B,7.1,,0.1081,0.1082,0.1079,0.2913,0.2912,0.2905,0.1081,0.291,13.4205,3.5361,16.9566,,,,,,,2.388254272,1.890208826,0.498045446,59.97243168,47.4658084,12.50662328
,C,7.2,,0.1085,0.1087,0.1087,0.2907,0.2908,0.2902,0.1086,0.2906,13.3918,3.5986,16.9903,,,,,,,2.359770556,1.859971667,0.499798889,60.09177336,47.36434887,12.72742449
55,A,7,6.97,0.088,0.0881,0.0883,0.2364,0.2363,0.2362,0.0881,0.2363,10.8933,2.9068,13.8001,10.901,2.8673,13.7683,0.0073,0.0384,0.0311,1.971436952,1.556179048,0.415257905,48.80829973,38.5274575,10.28084223
,B,6.9,,0.0876,0.0875,0.088,0.2366,0.2363,0.2362,0.0877,0.2364,10.9018,2.865,13.7668,,,,,,,1.995188599,1.579971981,0.415216618,48.69067459,38.55770908,10.1329655
,C,7,,0.0872,0.0873,0.0875,0.2367,0.2363,0.2362,0.0873,0.2364,10.9079,2.8301,13.738,,,,,,,1.962572952,1.55826819,0.404304762,48.58884723,38.57917993,10.0096673
56,A,5.4,5.17,0.0566,0.0566,0.0563,0.1565,0.1562,0.156,0.0565,0.1562,7.2234,1.7571,8.9806,7.6631,1.885,9.5481,0.4149,0.1209,0.5357,1.663064938,1.337669877,0.325395062,31.76257575,25.54791446,6.214661291
,B,5,,0.0634,0.0635,0.0633,0.1745,0.1742,0.1738,0.0634,0.1742,8.0476,1.9974,10.045,,,,,,,2.009001067,1.609520533,0.399480533,35.52735847,28.46290821,7.064450261
,C,5.1,,0.0607,0.0605,0.0607,0.1672,0.167,0.1668,0.0606,0.167,7.7183,1.9005,9.6189,,,,,,,1.886053072,1.513401046,0.372652026,34.02019759,27.29838485,6.721812737
57,A,7.6,7.53,0.0683,0.0682,0.0682,0.1824,0.1825,0.1821,0.0682,0.1823,8.4027,2.2642,10.6669,8.4338,2.2738,10.7076,0.0648,0.0196,0.0844,1.403534912,1.105618772,0.29791614,37.72676428,29.71883238,8.007931904
,B,7.7,,0.0693,0.069,0.0691,0.1849,0.1845,0.1845,0.0691,0.1846,8.5082,2.2964,10.8046,,,,,,,1.403195498,1.104964502,0.298230996,38.21392563,30.09205159,8.121874042
,C,7.3,,0.0681,0.0683,0.068,0.182,0.1822,0.182,0.0681,0.1821,8.3904,2.2608,10.6512,,,,,,,1.459075068,1.149372055,0.309703014,37.67152861,29.67537667,7.996151942
58,A,6.7,6.43,0.1659,0.166,0.1656,0.438,0.4373,0.4365,0.1658,0.4373,20.1248,5.6344,25.7592,17.991,6.1566,24.1476,2.9775,1.2288,1.8355,3.844656119,3.003706866,0.840949254,91.10559525,71.17788781,19.92770743
,B,6.3,,0.1597,0.16,0.1598,0.4269,0.1266,0.4256,0.1598,0.3264,14.5895,7.5603,22.1498,,,,,,,3.515836825,2.315792381,1.200044444,78.33971847,51.60038198,26.73933649
,C,6.3,,0.1573,0.1572,0.1576,0.4184,0.418,0.418,0.1574,0.4181,19.2587,5.2752,24.5339,,,,,,,3.894273651,3.056939048,0.837334603,86.77203084,68.11457876,18.65745208
59,A,5.1,5.33,0.1258,0.1256,0.1252,0.3381,0.3376,0.3368,0.1255,0.3375,15.5626,4.1196,19.6822,16.7338,4.3934,21.1271,1.036,0.2554,1.2882,3.859263268,3.051494379,0.807768889,69.61251562,55.04216359,14.57035203
,B,5.5,,0.1413,0.1413,0.1411,0.3804,0.3802,0.3798,0.1412,0.3801,17.5304,4.6254,22.1558,,,,,,,4.028318788,3.187343758,0.84097503,78.36087336,62.00180614,16.35906722
,C,5.4,,0.1367,0.137,0.1371,0.3712,0.3709,0.3702,0.1369,0.3708,17.1082,4.4351,21.5433,,,,,,,3.989508148,3.168192593,0.821315556,76.19489283,60.50873594,15.68615689
60,A,6.1,5.5,0.0742,0.0742,0.0741,0.195,0.1946,0.1944,0.0742,0.1947,8.9553,2.5399,11.4952,8.7806,2.4935,11.2741,0.1591,0.0439,0.2029,1.884466667,1.468084153,0.416382514,40.65659852,31.67331589,8.983282639
,B,5.4,,0.0716,0.0714,0.0718,0.1881,0.1878,0.1878,0.0716,0.1879,8.6439,2.4527,11.0966,,,,,,,2.054924444,1.60072,0.454204444,39.24662941,30.57186107,8.674768338
,C,5,,0.0721,0.0725,0.0729,0.1899,0.19,0.1903,0.0725,0.1901,8.7427,2.4879,11.2306,,,,,,,2.246115467,1.748534133,0.497581333,39.72051119,30.92123741,8.799273773
61,A,7.1,6.93,0.1125,0.1131,0.1139,0.3053,0.3054,0.3055,0.1132,0.3054,14.0876,3.6881,17.7756,14.1962,3.5064,17.7026,0.3892,0.2154,0.5285,2.503608075,1.984162066,0.519446009,62.86912829,49.82510669,13.0440216
,B,6.8,,0.1143,0.1147,0.1144,0.317,0.3164,0.3158,0.1145,0.3164,14.6282,3.5626,18.1908,,,,,,,2.675114902,2.151200392,0.52391451,64.33748792,51.7371531,12.60033482
,C,6.9,,0.1072,0.1073,0.1074,0.3004,0.2996,0.2993,0.1073,0.2998,13.8729,3.2684,17.1413,,,,,,,2.484248309,2.010564444,0.473683865,60.62571031,49.06590743,11.55980288
62,A,6.6,6.33,0.1367,0.137,0.1367,0.3509,0.3505,0.3495,0.1368,0.3503,16.075,4.8812,20.9562,16.5579,5.0689,21.6268,0.4243,0.175,0.5966,3.175180606,2.435612121,0.739568485,74.11824291,56.8544953,17.26374761
,B,6.3,,0.1421,0.1428,0.1428,0.365,0.3647,0.364,0.1426,0.3646,16.7274,5.0981,21.8255,,,,,,,3.464365503,2.655141799,0.809223704,77.19283676,59.16175049,18.03108627
,C,6.1,,0.145,0.1447,0.1446,0.3684,0.3681,0.3673,0.1448,0.3679,16.8713,5.2274,22.0987,,,,,,,3.622735082,2.765786885,0.856948197,78.1590295,59.67072222,18.48830728
63,A,7.1,6.77,0.154,0.1538,0.1538,0.3991,0.3987,0.3979,0.1539,0.3986,18.3113,5.3879,23.6991,17.6057,5.1233,22.729,0.8007,0.2517,1.0451,3.337907981,2.579054272,0.758853709,83.81957511,64.76368867,19.05588644
,B,6.7,,0.1486,0.1478,0.147,0.3877,0.3863,0.3853,0.1478,0.3864,17.7704,5.0952,22.8656,,,,,,,3.412774129,2.652295721,0.760478408,80.87142487,62.85060951,18.02081535
,C,6.5,,0.1402,0.1404,0.14,0.3648,0.3641,0.3636,0.1402,0.3642,16.7355,4.8869,21.6223,,,,,,,3.326515282,2.57468841,0.751826872,76.47432034,59.1903327,17.28398764
64,A,5.5,5.2,0.08,0.0801,0.0797,0.2184,0.2178,0.2175,0.0799,0.2179,10.061,2.556,12.6171,10.2313,2.5586,12.7899,0.2033,0.0492,0.2411,2.294010667,1.829276606,0.464734061,44.62424371,35.58400415,9.04023956
,B,5.2,,0.08,0.0799,0.0801,0.2204,0.2201,0.2201,0.08,0.2202,10.1765,2.5107,12.6872,,,,,,,2.439852308,1.957021538,0.482830769,44.87243404,35.99247365,8.879960388
,C,4.9,,0.0825,0.0825,0.0826,0.2268,0.2262,0.226,0.0825,0.2263,10.4563,2.609,13.0653,,,,,,,2.666397823,2.133941769,0.532456054,46.20976633,36.98208484,9.227681498
65,A,5.9,5.73,0.0672,0.0673,0.0676,0.1809,0.1806,0.1806,0.0674,0.1807,8.3305,2.2201,10.5506,7.8766,2.0624,9.939,0.5236,0.1829,0.7065,1.788237514,1.411946893,0.376290621,37.31555964,29.46341751,7.852142133
,B,5.9,,0.0641,0.0645,0.0645,0.1733,0.1735,0.1733,0.0644,0.1734,7.9956,2.1053,10.1009,,,,,,,1.712009266,1.355185311,0.356823955,35.72488741,28.27896065,7.445926764
,C,5.4,,0.0574,0.0584,0.0585,0.158,0.1585,0.1581,0.0581,0.1582,7.3037,1.8619,9.1657,,,,,,,1.697344444,1.35254,0.344804444,32.41727382,25.83191625,6.585357572
66,A,5.9,5.87,0.1054,0.1051,0.1053,0.2951,0.2947,0.2947,0.1053,0.2948,13.6478,3.1897,16.8375,13.8081,3.2533,17.0613,0.1734,0.0575,0.2125,2.853818305,2.313183729,0.540634576,59.55127679,48.26973191,11.28154488
,B,6.2,,0.107,0.1074,0.1073,0.2982,0.298,0.2978,0.1072,0.298,13.7844,3.3018,17.0862,,,,,,,2.755832043,2.223285376,0.532546667,60.43063828,48.75280941,11.67782887
,C,5.5,,0.1079,0.1078,0.108,0.3027,0.3021,0.302,0.1079,0.3023,13.9921,3.2682,17.2604,,,,,,,3.138247515,2.544021576,0.594225939,61.04676145,49.48758105,11.5591804
67,A,6,5.87,0.0438,0.0436,0.044,0.1174,0.1171,0.1176,0.0438,0.1174,5.4102,1.4461,6.8563,5.2127,1.3962,6.6089,0.2535,0.0641,0.3176,1.142724889,0.901701778,0.241023111,24.24966164,19.13493198,5.114729669
,B,5.8,,0.043,0.043,0.0428,0.1151,0.1152,0.1147,0.0429,0.115,5.3009,1.4185,6.7194,,,,,,,1.158523218,0.913951264,0.244571954,23.76541935,18.74838132,5.017038033
,C,5.8,,0.0398,0.0402,0.0399,0.107,0.1069,0.1068,0.04,0.1069,4.9269,1.3239,6.2508,,,,,,,1.077724368,0.84945908,0.228265287,22.10794841,17.42541793,4.682530476
68,A,6,6.13,0.0571,0.0566,0.0569,0.1606,0.1602,0.1601,0.0569,0.1603,7.4246,1.7002,9.1248,7.9314,1.8666,9.798,0.4393,0.1459,0.5845,1.520799556,1.237440444,0.283359111,32.27274999,26.25961189,6.013138101
,B,6.4,,0.0639,0.064,0.0638,0.1775,0.1775,0.1771,0.0639,0.1774,8.2034,1.9722,10.1757,,,,,,,1.589946458,1.281783542,0.308162917,35.98945085,29.01398694,6.975463913
,C,6,,0.0632,0.0631,0.0633,0.1769,0.1763,0.1762,0.0632,0.1765,8.1663,1.9273,10.0936,,,,,,,1.682259556,1.361047111,0.321212444,35.69907807,28.8826578,6.816420268
69,A,5.2,4.97,0.0743,0.0745,0.0743,0.1984,0.1983,0.1981,0.0744,0.1983,9.1349,2.4779,11.6128,9.034,2.2779,11.3119,0.1028,0.2235,0.3257,2.233238205,1.756718718,0.476519487,41.07250006,32.30861333,8.763886727
,B,4.8,,0.0679,0.0683,0.0687,0.1925,0.1928,0.193,0.0683,0.1928,8.9294,2.0367,10.9661,,,,,,,2.284598611,1.860294722,0.424303889,38.78500861,31.58171701,7.203291599
,C,4.9,,0.0722,0.0722,0.0718,0.1961,0.196,0.1953,0.0721,0.1958,9.0377,2.3192,11.3569,,,,,,,2.317733333,1.84443483,0.473298503,40.16726793,31.96481102,8.20245691
70,A,7.4,7.4,0.1403,0.1399,0.14,0.3675,0.3667,0.3666,0.1401,0.3669,16.877,4.8125,21.6894,17.0536,4.6709,21.7244,0.1982,0.3345,0.4383,2.931006486,2.280669189,0.650337297,76.71163613,59.69071232,17.02092382
,B,7.8,,0.1349,0.1348,0.1347,0.3959,0.355,0.3544,0.1348,0.3684,17.0158,4.2889,21.3047,,,,,,,2.731367521,2.181510427,0.549857094,75.35073448,60.18172644,15.16900804
,C,7,,0.144,0.1428,0.1427,0.3758,0.3756,0.3748,0.1432,0.3754,17.268,4.9113,22.1792,,,,,,,3.168459619,2.466850095,0.701609524,78.44386126,61.07360355,17.37025772
71,A,6.5,6.53,0.0812,0.0798,0.08,0.1949,0.1936,0.1937,0.0803,0.1941,8.8512,3.1271,11.9783,9.345,2.9454,12.2904,0.6283,0.4422,0.9143,1.842822154,1.361726769,0.481095385,42.365226,31.30517083,11.06005517
,B,6.5,,0.0741,0.0738,0.0739,0.1985,0.1979,0.1979,0.0739,0.1981,9.1317,2.4413,11.573,,,,,,,1.780463179,1.404875897,0.375587282,40.93163566,32.29713989,8.634495768
,C,6.6,,0.0924,0.0881,0.0835,0.2244,0.2197,0.2148,0.088,0.2196,10.0522,3.2677,13.3199,,,,,,,2.018168889,1.523057778,0.495111111,47.11011766,35.55273868,11.55737898
72,A,6.7,6.7,0.113,0.1112,0.1084,0.2708,0.2685,0.2653,0.1109,0.2682,12.2342,4.3074,16.5416,11.8621,3.353,15.2151,0.3273,0.8268,1.1516,2.468892736,1.82600398,0.642888756,58.50456721,43.2702365,15.23433072
,B,6.8,,0.0924,0.0923,0.0922,0.2542,0.2539,0.2536,0.0923,0.2539,11.7333,2.9002,14.6335,,,,,,,2.151986471,1.725481765,0.426504706,51.75605857,41.49846502,10.25759355
,C,6.6,,0.0913,0.0911,0.0911,0.2517,0.2515,0.2509,0.0912,0.2514,11.6187,2.8515,14.4703,,,,,,,2.192466465,1.76041596,0.432050505,51.17874608,41.09339087,10.08535521
73,A,5.9,5.8,0.0346,0.0349,0.0349,0.0939,0.094,0.0939,0.0348,0.0939,4.3331,1.1337,5.4667,4.1101,1.0628,5.1729,0.2064,0.0721,0.2775,0.926567232,0.734417175,0.192150056,19.33488953,15.32525052,4.009639009
,B,5.9,,0.0328,0.0327,0.0326,0.0884,0.0883,0.0881,0.0327,0.0883,4.0717,1.0652,5.1369,,,,,,,0.870661921,0.690113672,0.180548249,18.16830068,14.40075924,3.76754144
,C,5.6,,0.0311,0.0311,0.0311,0.085,0.085,0.085,0.0311,0.085,3.9256,0.9895,4.9152,,,,,,,0.877712143,0.701007857,0.176704286,17.38412676,13.88428945,3.499837306
74,A,5.6,5.53,0.1187,0.118,0.1179,0.3129,0.3118,0.3113,0.1182,0.312,14.361,4.0085,18.3696,14.4468,4.0953,18.5421,0.174,0.0754,0.2216,3.280281429,2.564472857,0.715808571,64.96985216,50.79241706,14.1774351
,B,5.7,,0.1196,0.1193,0.1195,0.3121,0.3116,0.3115,0.1195,0.3117,14.3324,4.1324,18.4648,,,,,,,3.239432982,2.514458947,0.724974035,65.30652897,50.69115088,14.61537809
,C,5.3,,0.1214,0.1211,0.1211,0.319,0.3184,0.3177,0.1212,0.3184,14.6471,4.145,18.7921,,,,,,,3.545679497,2.763597484,0.782082013,66.46424748,51.80401311,14.66023437
75,A,6.5,6.3,0.091,0.0909,0.0908,0.2496,0.2491,0.2491,0.0909,0.2493,11.5158,2.8738,14.3895,12.0529,3.0101,15.0631,0.495,0.1181,0.6076,2.213772513,1.771655179,0.442117333,50.89312207,40.72914574,10.16397633
,B,6.2,,0.0962,0.0965,0.0966,0.263,0.2633,0.2632,0.0964,0.2632,12.1524,3.0772,15.2296,,,,,,,2.456385161,1.96005871,0.496326452,53.86428521,42.98070312,10.88358209
,C,6.2,,0.0978,0.0984,0.0983,0.2705,0.2703,0.27,0.0982,0.2703,12.4906,3.0795,15.5701,,,,,,,2.51130043,2.014614409,0.496686022,55.06848223,44.1770154,10.89146684
76,A,8.4,8.2,0.1687,0.1684,0.1683,0.4616,0.4613,0.4609,0.1685,0.4613,21.3068,5.3418,26.6485,21.4466,5.3666,26.8132,0.4297,0.0961,0.5257,3.172446032,2.536521587,0.635924444,94.25106694,75.35821367,18.89285327
,B,8.2,,0.1665,0.1668,0.1671,0.4571,0.4567,0.4568,0.1668,0.4569,21.1043,5.2853,26.3895,,,,,,,3.218232846,2.573689106,0.64454374,93.33489896,74.64189951,18.69299946
,C,8,,0.173,0.1734,0.1729,0.475,0.4748,0.4742,0.1731,0.4747,21.9289,5.4727,27.4016,,,,,,,3.425195167,2.741108833,0.684086333,96.91434298,77.5584306,19.35591238
77,A,8.2,8.13,0.1598,0.1593,0.1592,0.419,0.4187,0.4182,0.1594,0.4186,19.2593,5.4563,24.7156,18.6924,5.2872,23.9797,0.4969,0.1471,0.6438,3.014093821,2.34869252,0.665401301,87.41447738,68.11656881,19.29790856
,B,8.3,,0.1515,0.1518,0.1518,0.3985,0.3985,0.3984,0.1517,0.3985,18.3321,5.1885,23.5207,,,,,,,2.833814137,2.208691888,0.625122249,83.18829077,64.83745726,18.35083351
,C,7.9,,0.1528,0.1529,0.1527,0.4021,0.4021,0.4011,0.1528,0.4018,18.4858,5.2169,23.7028,,,,,,,3.000351055,2.339979072,0.660371983,83.83240197,65.38103794,18.45136403
78,A,6.7,6.3,0.1541,0.1538,0.1536,0.4113,0.4108,0.4103,0.1538,0.4108,18.9302,5.1107,24.0409,18.8557,5.1583,24.0141,0.2736,0.133,0.393,3.588199204,2.825403184,0.76279602,85.02841716,66.95268209,18.07573507
,B,6.1,,0.1514,0.1513,0.1512,0.4032,0.4027,0.4023,0.1513,0.4027,18.5526,5.0557,23.6084,,,,,,,3.870225355,3.041417923,0.828807432,83.49853104,65.61734927,17.88118177
,C,6.1,,0.1568,0.1569,0.1569,0.4167,0.4106,0.4164,0.1569,0.4146,19.0844,5.3086,24.3929,,,,,,,3.998843716,3.128584481,0.870259235,86.27341963,67.49793214,18.77548749
79,A,6,5.97,0.1674,0.1674,0.1674,0.4385,0.438,0.4378,0.1674,0.4381,20.1482,5.7615,25.9097,19.7608,5.6182,25.379,0.4223,0.1718,0.5934,4.318281333,3.358038667,0.960242667,91.6378581,71.26063521,20.37722289
,B,6.2,,0.1646,0.1648,0.1646,0.4313,0.4312,0.4306,0.1647,0.431,19.8236,5.6654,25.4891,,,,,,,4.111140645,3.19736,0.913780645,90.15021575,70.112584,20.03763175
,C,5.7,,0.1593,0.1594,0.1594,0.4201,0.4197,0.4191,0.1594,0.4196,19.3106,5.4277,24.7383,,,,,,,4.340056842,3.387830877,0.952225965,87.4949565,68.29821037,19.19674613
80,A,5.4,5.2,0.0717,0.0717,0.0718,0.1996,0.1995,0.1993,0.0717,0.1995,9.2271,2.206,11.4331,8.1919,1.7609,9.9528,1.6043,0.6762,2.2805,2.117244444,1.708722963,0.408521481,40.43686779,32.63459008,7.802277711
,B,5.1,,0.0434,0.0435,0.0428,0.1362,0.1356,0.1353,0.0432,0.1357,6.3439,0.9827,7.3267,,,,,,,1.436602092,1.243906144,0.192695948,25.91310273,22.43729693,3.475805805
,C,5.1,,0.0694,0.0693,0.0693,0.1946,0.1946,0.1943,0.0693,0.1945,9.0047,2.094,11.0987,,,,,,,2.17620915,1.765626144,0.410583007,39.25396713,31.84796397,7.40600316
81,A,7.2,7.13,0.1508,0.1494,0.1473,0.3583,0.3565,0.3537,0.1492,0.3562,16.2238,5.9003,22.1241,15.3454,4.4001,19.7455,0.7678,1.3058,2.0601,3.072789815,2.253299074,0.819490741,78.24887411,57.38046733,20.86840678
,B,7,,0.1185,0.1175,0.1175,0.3215,0.3205,0.3199,0.1178,0.3206,14.8019,3.781,18.583,,,,,,,2.654708762,2.114562095,0.540146667,65.72455731,52.35175308,13.37280423
,C,7.2,,0.1158,0.1159,0.116,0.3246,0.3242,0.3241,0.1159,0.3243,15.0104,3.519,18.5295,,,,,,,2.573536111,2.084783889,0.488752222,65.53533281,53.0892127,12.44612011
82,A,7.5,7.5,0.0601,0.0603,0.0604,0.1715,0.1715,0.1713,0.0603,0.1714,7.9469,1.7671,9.714,7.4433,1.7036,9.1469,0.8706,0.1807,1.0479,1.295197867,1.059584,0.235613867,34.35659617,28.10667044,6.249925727
,B,7.4,,0.0604,0.0613,0.0617,0.1712,0.1716,0.172,0.0611,0.1716,7.9449,1.844,9.7889,,,,,,,1.322830631,1.073640721,0.24918991,34.6217255,28.09981373,6.521911768
,C,7.6,,0.0496,0.0496,0.0496,0.1393,0.1391,0.1388,0.0496,0.1391,6.438,1.4997,7.9377,,,,,,,1.044432281,0.847104561,0.197327719,28.07415057,22.77001721,5.304133362
83,A,5.7,5.4,0.1231,0.1239,0.1246,0.3405,0.3406,0.3411,0.1239,0.3407,15.746,3.8921,19.6382,15.8125,3.9602,19.7727,0.4589,0.1659,0.6214,3.445291228,2.762461754,0.682829474,69.45660324,55.69085379,13.76574945
,B,4.9,,0.1207,0.1214,0.1223,0.3298,0.339,0.3306,0.1215,0.3331,15.3905,3.8391,19.2296,,,,,,,3.924398367,3.140914286,0.783484082,68.011431,54.43333098,13.57810002
,C,5.6,,0.1302,0.13,0.1286,0.3546,0.353,0.3516,0.1296,0.3531,16.301,4.1493,20.4503,,,,,,,3.65184381,2.910899048,0.740944762,72.32908444,57.65379736,14.67528707
84,A,7.4,7.07,0.1273,0.1268,0.1267,0.3471,0.3465,0.3459,0.1269,0.3465,16.0009,4.0483,20.0492,13.7298,3.3922,17.1221,2.3873,0.6508,3.0359,2.709350631,2.162286126,0.547064505,70.91035816,56.59233689,14.31802127
,B,7.5,,0.0883,0.0881,0.0878,0.2434,0.2432,0.2429,0.0881,0.2432,11.2412,2.7468,13.988,,,,,,,1.865069156,1.498830578,0.366238578,49.4730801,39.75818538,9.714894721
,C,6.3,,0.1085,0.1095,0.1089,0.3018,0.3021,0.301,0.109,0.3016,13.9473,3.3817,17.329,,,,,,,2.750636825,2.213863492,0.536773333,61.28956639,49.32920705,11.96035934
85,A,8,7.63,0.0808,0.0813,0.0816,0.219,0.2193,0.2193,0.0812,0.2192,10.1112,2.6479,12.7591,10.0741,2.4089,12.483,0.1155,0.2425,0.3368,1.594883833,1.263900167,0.330983667,45.12651435,35.76148169,9.365032657
,B,7.2,,0.0777,0.0788,0.0801,0.2185,0.2199,0.2208,0.0789,0.2197,10.1665,2.4157,12.5822,,,,,,,1.747527778,1.41201,0.335517778,44.50095494,35.956964,8.543990946
,C,7.7,,0.074,0.075,0.0756,0.2139,0.2145,0.2148,0.0749,0.2144,9.9447,2.163,12.1077,,,,,,,1.572427706,1.291514113,0.280913593,42.82271109,35.17245054,7.650260546
86,A,6.8,6.6,0.1405,0.1401,0.1404,0.3889,0.3881,0.3878,0.1403,0.3883,17.9524,4.3594,22.3118,17.2201,4.2695,21.4896,1.1543,0.3208,1.4609,3.281149412,2.640055294,0.641094118,78.91283865,63.49429158,15.41854708
,B,6.9,,0.1416,0.1417,0.1417,0.386,0.3861,0.3857,0.1417,0.3859,17.8185,4.5358,22.3542,,,,,,,3.239741449,2.582384928,0.657356522,79.06279975,63.02064087,16.04215887
,C,6.1,,0.1244,0.1248,0.1253,0.3437,0.3438,0.3439,0.1248,0.3438,15.8895,3.9134,19.8029,,,,,,,3.246376175,2.604839563,0.641536612,70.03923982,56.19834948,13.84089034
87,A,6.2,6.1,0.1264,0.127,0.1272,0.34,0.3401,0.3401,0.1269,0.3401,15.6764,4.1862,19.8626,15.4051,3.8696,19.2747,0.4531,0.3292,0.764,3.203649462,2.528458925,0.675190538,70.25050105,55.44473839,14.80576266
,B,6.3,,0.1213,0.1242,0.1248,0.344,0.3362,0.3364,0.1234,0.3389,15.6568,3.8936,19.5505,,,,,,,3.103247619,2.485212063,0.618035556,69.14642428,55.37538374,13.77104053
,C,5.8,,0.1149,0.1156,0.1156,0.3215,0.3218,0.3216,0.1154,0.3216,14.882,3.5291,18.4111,,,,,,,3.174331724,2.565861379,0.608470345,65.11679989,52.63491547,12.48188442
88,A,6.9,6.03,0.0823,0.0823,0.0827,0.2235,0.2233,0.2233,0.0824,0.2234,10.3075,2.6662,12.9737,10.2237,2.5561,12.7798,0.1636,0.2453,0.4087,1.880246377,1.493842899,0.386403478,45.8856193,36.45581099,9.429808304
,B,5.8,,0.0832,0.0833,0.0832,0.2241,0.224,0.2238,0.0832,0.224,10.3283,2.7272,13.0555,,,,,,,2.250941379,1.780738621,0.470202759,46.17478956,36.52926363,9.645525925
,C,5.4,,0.0772,0.0764,0.0762,0.2164,0.2155,0.2179,0.0766,0.2166,10.0352,2.275,12.3102,,,,,,,2.279663704,1.858362963,0.421300741,43.53888378,35.49253731,8.046346467
89,A,6,5.73,0.1363,0.1361,0.1359,0.365,0.3648,0.3643,0.1361,0.3647,16.8115,4.4935,21.3049,16.5345,4.4017,20.9362,0.4589,0.1506,0.6095,3.550823333,2.801912667,0.748910667,75.35170121,59.4591356,15.89256561
,B,5.9,,0.136,0.1359,0.1357,0.3647,0.3641,0.3637,0.1359,0.3642,16.7873,4.4837,21.271,,,,,,,3.605254689,2.845305311,0.759949379,75.23167103,59.3736342,15.85803683
,C,5.3,,0.1289,0.129,0.1291,0.3472,0.3469,0.3471,0.129,0.3471,16.0049,4.2279,20.2327,,,,,,,3.817493836,3.019783145,0.797710692,71.55944448,56.60624838,14.9531961
90,A,5.5,5.6,0.1474,0.1473,0.1472,0.3966,0.3963,0.3956,0.1473,0.3962,18.2685,4.8307,23.0991,18.1085,4.7563,22.8648,0.1448,0.0853,0.2254,4.199843152,3.321541576,0.878301576,81.69745113,64.61228926,17.08516187
,B,5.5,,0.1455,0.1457,0.1458,0.3922,0.3918,0.3916,0.1457,0.3919,18.0706,4.775,22.8456,,,,,,,4.153748848,3.285564606,0.868184242,80.80080168,63.91244724,16.88835444
,C,5.8,,0.144,0.144,0.1439,0.3902,0.39,0.3892,0.144,0.3898,17.9864,4.6631,22.6496,,,,,,,3.90510092,3.101111494,0.803989425,80.1074674,63.61479333,16.49267407
91,A,5.4,5.2,0.0762,0.0766,0.0769,0.2128,0.2134,0.2133,0.0766,0.2132,9.862,2.3488,12.2108,9.3083,2.2461,11.5544,0.481,0.1094,0.5775,2.261259012,1.826290617,0.434968395,43.18737592,34.8799934,8.307382519
,B,5.1,,0.0697,0.0698,0.0696,0.1947,0.1943,0.1941,0.0697,0.1944,8.9936,2.1311,11.1246,,,,,,,2.181302222,1.763444444,0.417857778,39.34583481,31.80861097,7.537223833
,C,5.1,,0.0716,0.0715,0.0715,0.1966,0.1962,0.1961,0.0715,0.1963,9.0694,2.2583,11.3277,,,,,,,2.22112366,1.778311634,0.442812026,40.06412487,32.07678197,7.987342906
92,A,6.2,6.33,0.0886,0.0885,0.0884,0.2464,0.2466,0.2459,0.0885,0.2463,11.3945,2.7169,14.1114,11.6066,2.7399,14.3465,0.1998,0.0381,0.2319,2.276030323,1.837817419,0.438212903,49.90941501,40.30016269,9.609252317
,B,6.4,,0.0898,0.0899,0.0895,0.2517,0.2514,0.2509,0.0897,0.2513,11.6342,2.7189,14.3531,,,,,,,2.242675833,1.817844167,0.424831667,50.76439603,41.14806064,9.616335385
,C,6.4,,0.0911,0.0913,0.0914,0.2547,0.2548,0.2549,0.0913,0.2548,11.7911,2.7839,14.5751,,,,,,,2.277354583,1.842365417,0.434989167,51.54937163,41.70311476,9.846256867
93,A,5.6,5.6,0.0527,0.0528,0.0523,0.1423,0.1425,0.1419,0.0526,0.1422,6.5622,1.7079,8.2701,6.7195,1.5271,8.2466,0.5117,0.1985,0.3718,1.476803333,1.171825238,0.304978095,29.24983613,23.20938436,6.04045177
,B,5.6,,0.0518,0.0522,0.0514,0.1566,0.157,0.1558,0.0518,0.1565,7.2914,1.3146,8.606,,,,,,,1.53679381,1.302040476,0.234753333,30.43801844,25.78845111,4.649567329
,C,5.6,,0.0496,0.0498,0.0494,0.1365,0.1367,0.1361,0.0496,0.1364,6.3049,1.5587,7.8635,,,,,,,1.404201905,1.125866667,0.278335238,27.81187899,22.29912051,5.512758482
94,A,6,6.3,0.1304,0.1304,0.1303,0.3501,0.3496,0.3492,0.1304,0.3496,16.1183,4.2975,20.4158,15.9488,4.2186,20.1674,0.2194,0.0773,0.2931,3.402634,2.686379333,0.716254667,72.20698875,57.00741317,15.19957558
,B,6.7,,0.129,0.129,0.1289,0.3477,0.3475,0.3473,0.129,0.3475,16.0272,4.2151,20.2422,,,,,,,3.021226468,2.392113234,0.629113234,71.59304426,56.68514772,14.90789654
,C,6.2,,0.1265,0.1266,0.1264,0.3407,0.3405,0.3402,0.1265,0.3405,15.7011,4.1431,19.8442,,,,,,,3.200671183,2.532428172,0.668243011,70.18519252,55.53177713,14.65341539
95,A,5.6,5.27,0.1182,0.1181,0.1179,0.316,0.3155,0.3152,0.1181,0.3156,14.543,3.9162,18.4592,14.3614,3.8534,18.2148,0.2529,0.0767,0.3292,3.29628619,2.596959524,0.699326667,65.28684539,51.43585391,13.85099149
,B,5.1,,0.1174,0.1172,0.1171,0.3145,0.3137,0.3135,0.1172,0.3139,14.4687,3.876,18.3447,,,,,,,3.597000523,2.836994771,0.760005752,64.8818797,51.17306831,13.70881139
,C,5.1,,0.1139,0.1138,0.1143,0.3054,0.3052,0.3053,0.114,0.3053,14.0725,3.7678,17.8404,,,,,,,3.498111373,2.759319216,0.738792157,63.09813963,49.77197425,13.32616538
96,A,6,6.07,0.0886,0.0883,0.0885,0.239,0.2391,0.2388,0.0885,0.239,11.0241,2.8781,13.9022,11.6039,2.9956,14.5995,0.5037,0.1085,0.6039,2.317029778,1.837348889,0.479680889,49.16947962,38.9902148,10.17926481
,B,6.2,,0.0951,0.0952,0.095,0.2571,0.257,0.2568,0.0951,0.257,11.8548,3.0921,14.9469,,,,,,,2.410788602,1.912070753,0.498717849,52.8644314,41.92841008,10.93602132
,C,6,,0.0948,0.0946,0.0945,0.2587,0.2582,0.2583,0.0946,0.2584,11.9329,3.0165,14.9494,,,,,,,2.491569111,1.988814889,0.502754222,52.87336304,42.20446111,10.66890194
97,A,6.1,5.83,0.1367,0.1367,0.1368,0.3642,0.364,0.364,0.1367,0.3641,16.7719,4.5666,21.3385,16.7263,4.4883,21.2146,0.2948,0.1069,0.3898,3.498107541,2.749488525,0.748619016,75.47024121,59.31909175,16.15114947
,B,5.8,,0.1373,0.1376,0.1375,0.3687,0.3687,0.3686,0.1375,0.3687,16.9957,4.5318,21.5275,,,,,,,3.711629425,2.930290575,0.781338851,76.138681,60.11065054,16.02803046
,C,5.6,,0.1326,0.1328,0.1325,0.3562,0.356,0.3557,0.1326,0.356,16.4114,4.3666,20.7779,,,,,,,3.710345,2.930603571,0.779741429,73.48776968,58.04406876,15.44370093
98,A,5.3,5.3,0.0928,0.0931,0.0928,0.2568,0.2565,0.2563,0.0929,0.2565,11.8592,2.8971,14.7563,12.1936,2.9917,15.1853,0.2957,0.0908,0.3845,2.78420956,2.237592704,0.546616855,52.19038929,41.94398151,10.24640777
,B,5.2,,0.0964,0.0962,0.0963,0.266,0.2661,0.2661,0.0963,0.2661,12.3006,2.9999,15.3004,,,,,,,2.942392564,2.365496667,0.576895897,54.11488057,43.50492561,10.60995496
,C,5.4,,0.0978,0.0978,0.0978,0.2689,0.2688,0.2687,0.0978,0.2688,12.4208,3.0782,15.499,,,,,,,2.870191111,2.300155556,0.570035556,54.81725967,43.93025394,10.88700573
99,A,6,5.67,0.1171,0.1169,0.117,0.3083,0.3082,0.308,0.117,0.3082,14.1816,3.9827,18.1643,13.5773,3.6801,17.2575,1.382,0.5953,1.9763,3.027388889,2.363597778,0.663791111,64.24394615,50.15769494,14.08625121
,B,5.5,,0.0948,0.0946,0.0947,0.2598,0.2595,0.2597,0.0947,0.2597,11.9961,2.9944,14.9905,,,,,,,2.725543515,2.181115394,0.544428121,53.01863667,42.42814836,10.59048832
,C,5.5,,0.1198,0.1198,0.1198,0.3161,0.3162,0.3163,0.1198,0.3162,14.5543,4.0633,18.6176,,,,,,,3.385013818,2.646229818,0.738784,65.84698309,51.47578694,14.37119615
100,A,6.1,5.7,0.0947,0.0972,0.0994,0.2402,0.2425,0.2445,0.0971,0.2424,11.0944,3.6044,14.6989,10.7244,3.0255,13.7499,0.467,0.5065,0.9191,2.409647869,1.818758689,0.59088918,51.98716842,39.23897574,12.74819269
,B,5,,0.0869,0.0869,0.087,0.236,0.2355,0.2357,0.0869,0.2357,10.879,2.8079,13.6868,,,,,,,2.737361067,2.175790933,0.561570133,48.40774327,38.47688571,9.930857561
,C,6,,0.0819,0.0819,0.0818,0.2212,0.2213,0.2208,0.0819,0.2211,10.1997,2.6642,12.8639,,,,,,,2.143987556,1.699948444,0.444039111,45.49736625,36.07445238,9.422913867