Leaf No.,Spot,Leaf weight (mg),Mean leaf weight (mg),A647,,,A664,,,Average,,Chlorophyll a (µg),Chlorophyll b (µg),Total Chlorophyll (µg),Avg Chlorophyll a ,Avg Chlorophyll b,Avg Total Chlorophyll,Chlorophyll a STD,Chlorophyll b STD,Total Chlorophyll STD,Chlorophyll content per weight,,,Chlorophyll content per area,,
,,,,A1,A2,A3,A1,A2,A3,A647,A664,,,,,,,,,,Total Chlorophyll (µg/mg),Chlorophyll a (µg/mg),Chlorophyll b (µg/mg),Total Chlorophyll (µg/cm2),Chlorophyll a (µg/cm2),Chlorophyll b (µg/cm2)
,,,,,,,,,,,,,,,,,,,,,,,,,,
1,A,6.10,6.03,0.0881,0.0828,0.0823,0.2324,0.2263,0.2254,0.0844,0.2280,10.5199,2.7446,13.2646,10.4033,2.6179,13.0212,0.1755,0.1169,0.2796,2.174519781,1.724580546,0.449939235,46.91437599,37.20712079,9.707255193
,B,6.20,,0.0803,0.0803,0.0799,0.2219,0.2206,0.2197,0.0802,0.2207,10.2015,2.5143,12.7158,,,,,,,2.050929677,1.645400645,0.405529032,44.97334654,36.08079508,8.892551461
,C,5.80,,0.0831,0.0820,0.0825,0.2283,0.2267,0.2259,0.0825,0.2270,10.4883,2.5948,13.0832,,,,,,,2.255721379,1.808333793,0.447387586,46.27284431,37.09533847,9.177505836
2,A,5.20,5.37,0.0794,0.0791,0.0792,0.2269,0.2248,0.2245,0.0792,0.2254,10.4486,2.3229,12.7715,10.5134,2.3585,12.8719,0.1296,0.0333,0.1559,2.456058205,2.009344872,0.446713333,45.17048407,36.95477588,8.215708189
,B,5.40,,0.0811,0.0810,0.0811,0.2311,0.2299,0.2292,0.0811,0.2301,10.6626,2.3889,13.0516,,,,,,,2.416956049,1.974558025,0.442398025,46.1610054,37.71172573,8.449279668
,C,5.50,,0.0797,0.0796,0.0795,0.2260,0.2250,0.2243,0.0796,0.2251,10.4290,2.3637,12.7928,,,,,,,2.325960727,1.896189091,0.429771636,45.24575228,36.8856193,8.360132984
3,A,5.40,5.43,0.0626,0.0625,0.0624,0.1804,0.1795,0.1792,0.0625,0.1797,8.3381,1.7897,10.1279,8.4333,1.8158,10.2491,0.1026,0.0300,0.1325,1.875528148,1.544098519,0.33142963,35.82037207,29.49045766,6.329914409
,B,5.40,,0.0633,0.0632,0.0629,0.1823,0.1813,0.1808,0.0631,0.1815,8.4199,1.8091,10.2290,,,,,,,1.89425037,1.559237037,0.335013333,36.1779444,29.77958548,6.398358916
,C,5.50,,0.0642,0.0643,0.0641,0.1847,0.1841,0.1836,0.0642,0.1841,8.5419,1.8486,10.3905,,,,,,,1.889187394,1.553081697,0.336105697,36.74941878,30.21132253,6.538096249
4,A,4.70,4.63,0.0541,0.0544,0.0548,0.1563,0.1557,0.1555,0.0544,0.1558,7.2279,1.5738,8.8017,7.0032,1.5330,8.5362,0.2078,0.0440,0.2504,1.872706667,1.537853333,0.334853333,31.13008889,25.56380656,5.566282332
,B,4.60,,0.0526,0.0524,0.0531,0.1504,0.1503,0.1499,0.0527,0.1502,6.9638,1.5387,8.5025,,,,,,,1.84838,1.513873913,0.334506087,30.07196718,24.62976586,5.442201316
,C,4.60,,0.0512,0.0513,0.0516,0.1474,0.1469,0.1467,0.0514,0.1470,6.8180,1.4864,8.3043,,,,,,,1.805288986,1.482168406,0.32312058,29.37090377,24.11393742,5.256966353
5,A,6.20,6.33,0.0434,0.0437,0.0438,0.1217,0.1216,0.1217,0.0436,0.1217,5.6296,1.3343,6.9639,5.8700,1.3809,7.2509,0.2325,0.0882,0.3080,1.123213548,0.908001935,0.215211613,24.63013369,19.91091462,4.719219071
,B,6.50,,0.0477,0.0475,0.0478,0.1320,0.1317,0.1317,0.0477,0.1318,6.0937,1.4826,7.5763,,,,,,,1.165584821,0.937494564,0.228090256,26.79600104,21.55236142,5.243639622
,C,6.30,,0.0454,0.0461,0.043,0.1268,0.1303,0.1240,0.0448,0.1270,5.8866,1.3257,7.2123,,,,,,,1.14481672,0.934380741,0.210435979,25.5087548,20.81982976,4.688925043
6,A,5.90,6.03,0.0569,0.0569,0.0564,0.1591,0.1587,0.1576,0.0567,0.1585,7.3335,1.7288,9.0624,7.0578,1.6277,8.6855,0.3533,0.1123,0.4646,1.53599322,1.242973559,0.293019661,32.05192049,25.93741246,6.114508029
,B,6.10,,0.0546,0.0550,0.0555,0.1553,0.1548,0.1550,0.0550,0.1550,7.1803,1.6476,8.8278,,,,,,,1.447187104,1.177096175,0.270090929,31.22247059,25.39536913,5.82710146
,C,6.10,,0.0505,0.0508,0.0511,0.1441,0.1437,0.1434,0.0508,0.1437,6.6596,1.5068,8.1664,,,,,,,1.338753224,1.091735956,0.247017268,28.88305392,23.55375728,5.329296645
7,A,5.30,5.43,0.0838,0.0838,0.0834,0.2333,0.2327,0.2318,0.0837,0.2326,10.7596,2.5741,13.3337,10.6304,2.5573,13.1876,0.2080,0.0474,0.2542,2.515794214,2.030113711,0.485680503,47.15890689,38.05475938,9.104147509
,B,5.80,,0.0836,0.0839,0.0839,0.2331,0.2321,0.2316,0.0838,0.2323,10.7412,2.5940,13.3351,,,,,,,2.29916092,1.851923218,0.447237701,47.16394332,37.98951215,9.174431162
,C,5.20,,0.0813,0.0810,0.0807,0.2254,0.2246,0.2240,0.0810,0.2247,10.3904,2.5037,12.8941,,,,,,,2.479633333,1.998151282,0.481482051,45.60406498,36.74890948,8.855155502
8,A,5.60,5.87,0.0813,0.0816,0.0816,0.2319,0.231,0.2306,0.0815,0.2312,10.7130,2.4046,13.1177,10.8856,2.4676,13.3532,0.3928,0.1120,0.5043,2.342441667,1.913044048,0.429397619,46.39482681,37.89009927,8.504727547
,B,5.70,,0.0812,0.0809,0.0807,0.2298,0.2290,0.2281,0.0809,0.2290,10.6086,2.4012,13.0098,,,,,,,2.282416842,1.861156491,0.421260351,46.01321355,37.52066209,8.492551461
,C,6.30,,0.0865,0.0870,0.087,0.245,0.2448,0.2444,0.0868,0.2447,11.3352,2.5969,13.9321,,,,,,,2.21145037,1.799236614,0.412213757,49.27543798,40.09050954,9.184928438
9,A,4.50,4.63,0.0182,0.0205,0.0187,0.0541,0.0570,0.0556,0.0191,0.0556,2.5806,0.5355,3.1161,2.8014,0.4913,3.2927,0.1915,0.0384,0.1535,0.692464,0.573470222,0.118993778,11.021037,9.127169838,1.893867157
,B,4.70,,0.0205,0.02,0.0199,0.0632,0.0623,0.0622,0.0201,0.0626,2.9226,0.4717,3.3943,,,,,,,0.722188936,0.621824681,0.100364255,12.00497984,10.33662022,1.668359624
,C,4.70,,0.0203,0.0198,0.0198,0.0628,0.0619,0.0616,0.0200,0.0621,2.9010,0.4667,3.3676,,,,,,,0.71651773,0.617228652,0.099289078,11.91070713,10.26022023,1.650486902
10,A,5.90,6.10,0.1017,0.1015,0.1018,0.2915,0.2877,0.2864,0.1017,0.2885,13.3723,2.9959,16.3682,12.0186,3.6600,15.6786,1.4187,0.5900,0.8955,2.77427661,2.266493559,0.507783051,57.89146212,47.2954375,10.59602462
,B,6.30,,0.1054,0.1053,0.1052,0.3009,0.1981,0.2961,0.1053,0.2650,12.1407,3.8604,16.0011,,,,,,,2.539851217,1.927094815,0.612756402,56.59285091,42.93944024,13.65341067
,C,6.10,,0.1003,0.0998,0.1006,0.2857,0.1283,0.2827,0.1002,0.2322,10.5428,4.1238,14.6665,,,,,,,2.404346798,1.728321005,0.676025792,51.87279998,37.28781967,14.58498031
11,A,4.90,4.97,0.0337,0.0331,0.0334,0.1025,0.1008,0.1004,0.0334,0.1012,4.7189,0.8399,5.5588,4.5654,0.8309,5.3963,0.1486,0.0178,0.1630,1.134449524,0.963039456,0.171410068,19.66047488,16.68986819,2.970606682
,B,5.10,,0.0316,0.0316,0.0315,0.0957,0.0948,0.0943,0.0316,0.0949,4.4223,0.8105,5.2327,,,,,,,1.02602902,0.867116078,0.158912941,18.50727877,15.64084318,2.866435595
,C,4.90,,0.0328,0.0327,0.0323,0.0988,0.0976,0.0970,0.0326,0.0978,4.5549,0.8424,5.3973,,,,,,,1.101480816,0.929565714,0.171915102,19.08911367,16.10975454,2.979359129
12,A,5.10,5.07,0.0475,0.0477,0.0476,0.1428,0.1417,0.1411,0.0476,0.1419,6.6035,1.2509,7.8544,6.8175,1.2965,8.1140,0.1878,0.0397,0.2274,1.540073203,1.294800523,0.24527268,27.77949117,23.3553182,4.424172974
,B,5.00,,0.0505,0.0499,0.0502,0.1504,0.1492,0.1487,0.0502,0.1494,6.9550,1.3233,8.2783,,,,,,,1.655651733,1.390991467,0.264660267,29.27869656,24.59842022,4.680276343
,C,5.10,,0.0500,0.0497,0.0497,0.1495,0.1476,0.1473,0.0498,0.1481,6.8940,1.3152,8.2092,,,,,,,1.609650719,1.35176732,0.257883399,29.03451463,24.38287237,4.651642263
13,A,5.40,5.70,0.0158,0.0165,0.0161,0.0515,0.0514,0.0514,0.0161,0.0514,2.4075,0.3489,2.7565,1.9535,0.2537,2.2072,0.4092,0.0883,0.4973,0.510454321,0.445836049,0.064618272,9.749074533,8.514941878,1.234132654
,B,5.90,,0.0120,0.0118,0.0122,0.0394,0.0393,0.0390,0.0120,0.0392,1.8401,0.2377,2.0778,,,,,,,0.35216452,0.311884294,0.040280226,7.348697272,6.508160619,0.840536653
,C,5.80,,0.0102,0.0104,0.0098,0.0347,0.0342,0.0340,0.0101,0.0343,1.6130,0.1745,1.7875,,,,,,,0.308189425,0.278105747,0.030083678,6.322057957,5.70493504,0.617122916
14,A,5.80,5.87,0.0925,0.0924,0.0925,0.2648,0.2619,0.2608,0.0925,0.2625,12.1661,2.7231,14.8892,12.2201,2.7684,14.9885,0.2412,0.1252,0.3658,2.567102989,2.097603218,0.46949977,52.66038528,43.02928014,9.631105138
,B,5.70,,0.0912,0.0909,0.0912,0.2609,0.2587,0.2577,0.0911,0.2591,12.0105,2.6721,14.6826,,,,,,,2.575902456,2.107112281,0.468790175,51.92984367,42.4790974,9.450746269
,C,6.10,,0.0963,0.0963,0.0960,0.2728,0.2686,0.2676,0.0962,0.2697,12.4838,2.9099,15.3937,,,,,,,2.523558907,2.046523716,0.477035191,54.44475254,44.15291316,10.29183938
15,A,5.40,5.33,0.0155,0.0153,0.0152,0.0501,0.0495,0.0489,0.0153,0.0495,2.3193,0.3178,2.6371,2.1494,0.3044,2.4538,0.1852,0.0198,0.2042,0.488360494,0.429506173,0.058854321,9.327108533,8.203060527,1.124048006
,B,5.10,,0.0146,0.0145,0.0146,0.0466,0.0465,0.0464,0.0146,0.0465,2.1768,0.3137,2.4905,,,,,,,0.488334379,0.426827974,0.061506405,8.808464785,7.699026196,1.109438589
,C,5.50,,0.0130,0.013,0.0132,0.0424,0.0414,0.0413,0.0131,0.0417,1.9521,0.2816,2.2337,,,,,,,0.406130424,0.354922667,0.051207758,7.900252293,6.904133362,0.996118931
16,A,4.90,5.03,0.0558,0.0560,0.0560,0.1654,0.1636,0.1636,0.0559,0.1642,7.6330,1.5260,9.1589,7.5065,1.6035,9.1099,0.3246,0.1433,0.1839,1.869172789,1.557752925,0.311419864,32.39352998,26.99649619,5.397033788
,B,5.20,,0.0562,0.0567,0.0557,0.1648,0.1363,0.1623,0.0562,0.1545,7.1377,1.7688,8.9065,,,,,,,1.712784103,1.372631282,0.340152821,31.50059183,25.24468652,6.255905308
,C,5.00,,0.0564,0.0567,0.0561,0.1670,0.1685,0.1643,0.0564,0.1666,7.7488,1.5156,9.2644,,,,,,,1.8528736,1.5497504,0.3031232,32.76638608,27.40592771,5.360458372
17,A,5.20,5.17,0.0580,0.0574,0.0572,0.1669,0.1654,0.1655,0.0575,0.1659,7.7015,1.6360,9.3375,7.0600,6.9068,13.9668,1.1671,9.1971,8.0304,1.795670256,1.481055897,0.314614359,33.0249888,27.23877296,5.78621584
,B,5.10,,0.0576,0.0572,0.5710,0.1686,0.1666,0.1660,0.2286,0.1671,5.7128,17.5267,23.2395,,,,,,,4.55676183,1.12016366,3.43659817,82.1938365,20.20525807,61.98857843
,C,5.20,,0.0571,0.0571,0.0567,0.1686,0.1669,0.1657,0.0570,0.1671,7.7656,1.5579,9.3235,,,,,,,1.792972051,1.493378718,0.299593333,32.97536488,27.46540756,5.509957322
18,A,5.10,5.20,0.0570,0.0569,0.0570,0.1668,0.1653,0.1646,0.0570,0.1656,7.6897,1.5915,9.2812,7.6527,1.5991,9.2518,0.0927,0.0169,0.1057,1.819846013,1.507790065,0.312055948,32.82596968,27.19717526,5.628794417
,B,5.20,,0.0575,0.0575,0.0573,0.1678,0.1659,0.1652,0.0574,0.1663,7.7212,1.6185,9.3397,,,,,,,1.796096667,1.484851026,0.311245641,33.03283111,27.30857089,5.724260216
,C,5.30,,0.0562,0.0562,0.0562,0.1639,0.1622,0.1616,0.0562,0.1626,7.5472,1.5874,9.1346,,,,,,,1.723504403,1.424003522,0.299500881,32.30732593,26.69314093,5.614184999
19,A,5.50,5.30,0.0615,0.0612,0.0607,0.1791,0.1780,0.1767,0.0611,0.1779,8.2652,1.7021,9.9673,8.3045,1.7295,10.0341,0.0378,0.0366,0.0728,1.812235152,1.502755394,0.309479758,35.25250525,29.2323501,6.020155148
,B,5.30,,0.0614,0.0618,0.0613,0.1805,0.1788,0.1773,0.0615,0.1789,8.3080,1.7153,10.0233,,,,,,,1.891189686,1.567539371,0.323650314,35.45060951,29.38374007,6.066869444
,C,5.10,,0.0625,0.0623,0.0621,0.1818,0.1791,0.1782,0.0623,0.1797,8.3405,1.7711,10.1116,,,,,,,1.982673725,1.635396863,0.347276863,35.76301903,29.49891773,6.264101294
20,A,5.10,5.30,0.0743,0.0788,0.0789,0.2250,0.2269,0.2259,0.0773,0.2259,10.4983,2.1342,12.6325,10.4662,2.1650,12.6312,0.1345,0.0527,0.1771,2.476954771,2.058486797,0.418467974,44.67874844,37.13051803,7.548230412
,B,5.50,,0.0785,0.0789,0.0790,0.2278,0.2281,0.2279,0.0788,0.2279,10.5819,2.2258,12.8077,,,,,,,2.328673939,1.923974788,0.404699152,45.29853104,37.42612058,7.87241046
,C,5.30,,0.0757,0.0767,0.0769,0.2215,0.2224,0.2226,0.0764,0.2222,10.3186,2.1348,12.4534,,,,,,,2.349703396,1.946906415,0.402796981,44.04551178,36.49502723,7.550484544
21,A,5.70,5.60,0.0451,0.0455,0.0443,0.1359,0.1350,0.1345,0.0450,0.1351,6.2945,1.1567,7.4513,6.3270,1.2213,7.5483,0.0477,0.0627,0.1073,1.307237193,1.104305263,0.20293193,26.35372427,22.26264413,4.091080144
,B,5.50,,0.0469,0.0467,0.0469,0.1376,0.1371,0.1372,0.0468,0.1373,6.3818,1.2819,7.6636,,,,,,,1.393384485,1.160320242,0.233064242,27.10481243,22.57113013,4.533682299
,C,5.60,,0.0450,0.0462,0.0462,0.1354,0.1358,0.1354,0.0458,0.1355,6.3048,1.2253,7.5301,,,,,,,1.344657619,1.125856667,0.218800952,26.63253401,22.29892245,4.333611563
22,A,5.20,5.17,0.0611,0.0617,0.0623,0.1828,0.1828,0.1834,0.0617,0.1830,8.5145,1.6414,10.1559,8.3434,1.5632,9.9066,0.1844,0.0723,0.2319,1.953060769,1.637413077,0.315647692,35.91962934,30.114409,5.805220344
,B,5.10,,0.0589,0.0588,0.0587,0.1755,0.1749,0.1748,0.0588,0.1751,8.1481,1.5493,9.6974,,,,,,,1.90144732,1.597671111,0.303776209,34.29787555,28.81842918,5.47944637
,C,5.20,,0.0590,0.0591,0.0599,0.1795,0.1793,0.1798,0.0593,0.1795,8.3676,1.4988,9.8664,,,,,,,1.897385641,1.609149744,0.288235897,34.89568272,29.59460517,5.301077551
23,A,5.20,5.20,0.0428,0.0438,0.0451,0.1311,0.1321,0.1330,0.0439,0.1321,6.1522,1.1262,7.2784,6.1314,1.0740,7.2054,0.0822,0.1264,0.2081,1.399694103,1.183124359,0.216569744,25.74241117,21.75937846,3.983032704
,B,5.20,,0.0406,0.0411,0.0416,0.1288,0.1290,0.1298,0.0411,0.1292,6.0408,0.9299,6.9707,,,,,,,1.340511538,1.161691538,0.17882,24.6539577,21.36519771,3.288759992
,C,5.20,,0.0446,0.0445,0.0447,0.1334,0.1330,0.1332,0.0446,0.1332,6.2012,1.1659,7.3671,,,,,,,1.416746154,1.192533846,0.224212308,26.0560232,21.93243262,4.123590578
24,A,4.70,5.20,0.0713,0.0714,0.0713,0.2049,0.2044,0.2043,0.0713,0.2045,9.4881,2.0553,11.5434,9.6821,2.1205,11.8025,0.1739,0.0660,0.2380,2.456035177,2.018735887,0.437299291,40.8267855,33.55753932,7.269246186
,B,5.40,,0.0731,0.0734,0.0734,0.2100,0.2100,0.2096,0.0733,0.2099,9.7342,2.1188,11.8530,,,,,,,2.195001728,1.802627901,0.392373827,41.92194006,34.42806347,7.493876589
,C,5.50,,0.0745,0.0745,0.0746,0.2123,0.2117,0.2118,0.0745,0.2119,9.8239,2.1873,12.0112,,,,,,,2.183855515,1.786169212,0.397686303,42.48145057,34.74545755,7.735993021
25,A,6.00,6.08,0.1311,0.1273,0.1240,0.2984,0.2945,0.2910,0.1275,0.2946,13.3722,5.2597,18.6319,12.4567,3.2446,15.7013,0.8026,1.7453,2.5399,3.105312,2.228693333,0.876618667,65.89754545,47.29489991,18.60264554
,B,6.20,,0.0873,0.0869,0.0851,0.2613,0.2606,0.2588,0.0864,0.2602,12.1237,2.2125,14.3362,,,,,,,2.312287957,1.955428172,0.356859785,50.70448233,42.87916342,7.825318903
,C,6.10,,0.0888,0.0861,0.0823,0.2584,0.2556,0.2514,0.0857,0.2551,11.8742,2.2616,14.1358,,,,,,,2.317346448,1.946585355,0.370761093,49.99580298,41.99678385,7.999019122
26,A,6.00,5.55,0.0687,0.0686,0.0691,0.1028,0.2027,0.2030,0.0688,0.1695,7.7471,2.6044,10.3514,8.9784,2.0803,11.0587,1.0766,0.4545,0.6366,1.725237333,1.291178667,0.434058667,36.61110561,27.39998585,9.211119757
,B,5.50,,0.0686,0.0680,0.0678,0.2036,0.2029,0.2023,0.0681,0.2029,9.4454,1.7934,11.2389,,,,,,,2.043427879,1.717351758,0.326076121,39.7497819,33.40678598,6.342995921
,C,5.10,,0.0706,0.0700,0.0700,0.2098,0.2092,0.2089,0.0702,0.2093,9.7426,1.8431,11.5857,,,,,,,2.271706667,1.910316863,0.361389804,40.97652967,34.45786235,6.518667327
27,A,5.60,5.70,0.0830,0.0837,0.0845,0.2393,0.2396,0.2402,0.0837,0.2397,11.1178,2.4213,13.5391,11.2319,2.2956,13.5276,0.1385,0.1602,0.0229,2.417687619,1.985318095,0.432369524,47.88516187,39.32157223,8.563589635
,B,5.50,,0.0835,0.0832,0.0832,0.2415,0.2409,0.2408,0.0833,0.2411,11.1921,2.3503,13.5424,,,,,,,2.462254788,2.034920485,0.427334303,47.89701257,39.58429181,8.312720756
,C,5.60,,0.0849,0.0820,0.0779,0.2478,0.2449,0.2408,0.0816,0.2445,11.3860,2.1153,13.5012,,,,,,,2.410937143,2.033211429,0.377725714,47.75146071,40.27015633,7.481304379
28,A,6.10,6.10,0.0955,0.0951,0.0944,0.2781,0.2769,0.2761,0.0950,0.2770,12.8706,2.6333,15.5039,13.1745,1.0196,14.1941,0.4925,2.9585,2.4676,2.541616175,2.109935301,0.431680874,54.83433072,45.5209922,9.313338521
,B,6.10,,0.1053,0.0105,0.0105,0.2822,0.2819,0.2812,0.0421,0.2818,13.7426,-2.3949,11.3477,,,,,,,1.860286404,2.252892874,-0.39260647,40.13491924,48.60524345,-8.470324208
,C,6.10,,0.0987,0.0969,0.0964,0.2798,0.2779,0.2774,0.0973,0.2784,12.9101,2.8205,15.7306,,,,,,,2.578785574,2.116411803,0.46237377,55.63624531,45.6607201,9.975525218
29,A,5.70,5.67,0.0836,0.0839,0.0851,0.2458,0.2466,0.2472,0.0842,0.2465,11.4577,2.3116,13.7693,11.4026,2.2707,13.6733,0.2010,0.1030,0.1289,2.41566924,2.010121637,0.405547602,48.69956379,40.52377921,8.175784584
,B,5.80,,0.0832,0.0830,0.0834,0.2409,0.2409,0.2406,0.0832,0.2408,11.1798,2.3470,13.5268,,,,,,,2.332204138,1.927547586,0.404656552,47.8417769,39.5408361,8.300940794
,C,5.50,,0.0827,0.0829,0.0833,0.2484,0.2485,0.2485,0.0830,0.2485,11.5702,2.1536,13.7238,,,,,,,2.495228848,2.103671515,0.391557333,48.5384405,40.92167126,7.616769234
30,A,5.20,5.20,0.0753,0.0739,0.0721,0.2073,0.2055,0.2039,0.0738,0.2056,9.5112,2.2586,11.7698,9.3348,1.8629,11.1977,0.1862,0.3492,0.4969,2.263415128,1.829077179,0.434337949,41.62749758,33.63939072,7.988106859
,B,5.10,,0.0654,0.0657,0.0666,0.1961,0.1962,0.1968,0.0659,0.1964,9.1401,1.7327,10.8729,,,,,,,2.13193281,1.792183268,0.339749542,38.45532055,32.32699535,6.128325199
,C,5.30,,0.0653,0.0654,0.0656,0.2004,0.2005,0.2005,0.0654,0.2005,9.3530,1.5975,10.9505,,,,,,,2.066127547,1.764719245,0.301408302,38.72984367,33.0799038,5.649939874
31,A,5.70,5.57,0.0493,0.0504,0.0513,0.1383,0.1391,0.1400,0.0503,0.1391,6.4326,1.5664,7.9990,6.2606,1.1981,7.4587,0.3457,0.3223,0.5892,1.403337076,1.12852538,0.274811696,28.29108486,22.75091839,5.540166466
,B,5.30,,0.0418,0.0405,0.0396,0.1267,0.1252,0.1248,0.0406,0.1256,5.8627,0.9678,6.8305,,,,,,,1.288775094,1.106165283,0.182609811,24.15826554,20.73521964,3.423045908
,C,5.70,,0.0491,0.0448,0.0406,0.1429,0.1390,0.1348,0.0448,0.1389,6.4866,1.0599,7.5465,,,,,,,1.32394924,1.137996023,0.185953216,26.69063686,22.94184528,3.748791587
32,A,5.30,5.20,0.0630,0.0640,0.0647,0.1829,0.1837,0.1840,0.0639,0.1835,8.5152,1.8341,10.3493,8.0955,1.4351,9.5306,0.4010,0.3458,0.7259,1.952700126,1.606641761,0.346058365,36.60363113,30.11671972,6.486911414
,B,5.20,,0.0545,0.0548,0.0545,0.1724,0.1724,0.1719,0.0546,0.1722,8.0551,1.2220,9.2771,,,,,,,1.784049744,1.549057949,0.234991795,32.81127066,28.48942963,4.321841032
,C,5.10,,0.0536,0.0533,0.0527,0.1655,0.1654,0.1647,0.0532,0.1652,7.7162,1.2492,8.9655,,,,,,,1.757938824,1.512988235,0.244950588,31.70930183,27.29093867,4.418363161
33,A,5.60,5.57,0.0623,0.0634,0.0640,0.1713,0.1719,0.1728,0.0632,0.1720,7.9400,2.0304,9.9705,8.4401,1.9074,10.3474,0.4809,0.1067,0.3906,1.780442619,1.417865952,0.362576667,35.26377119,28.08251161,7.181259579
,B,5.50,,0.0638,0.0638,0.0638,0.1830,0.1828,0.1827,0.0638,0.1828,8.4810,1.8405,10.3215,,,,,,,1.876634667,1.54200097,0.334633697,36.50523685,29.99577468,6.509462168
,C,5.60,,0.0661,0.0660,0.0660,0.1919,0.1915,0.1915,0.0660,0.1916,8.8992,1.8512,10.7504,,,,,,,1.919710238,1.589146905,0.330563333,38.02213105,31.47493339,6.547197661
34,A,5.70,5.47,0.0454,0.0453,0.0453,0.1349,0.1345,0.1344,0.0453,0.1346,6.2632,1.2028,7.4660,6.1044,1.1727,7.2771,0.1679,0.0284,0.1958,1.309818012,1.098805146,0.211012865,26.40575322,22.15176251,4.25399071
,B,5.40,,0.0431,0.0429,0.0430,0.1276,0.1274,0.1273,0.0430,0.1274,5.9287,1.1462,7.0750,,,,,,,1.310178272,1.097916543,0.212261728,25.02285728,20.96890901,4.053948268
,C,5.30,,0.0443,0.0442,0.0442,0.1319,0.1314,0.1313,0.0442,0.1315,6.1213,1.1691,7.2904,,,,,,,1.37555044,1.154961258,0.220589182,25.78488128,21.64990686,4.134974417
35,A,5.10,5.27,0.0719,0.0719,0.0718,0.2095,0.2094,0.2091,0.0719,0.2093,9.7244,1.9974,11.7218,9.6836,1.9892,11.6727,0.3601,0.1120,0.4720,2.298387451,1.906738824,0.391648627,41.45779161,34.39332249,7.064469124
,B,5.40,,0.0684,0.0684,0.0682,0.2005,0.2002,0.1999,0.0683,0.2002,9.3048,1.8733,11.1781,,,,,,,2.070018272,1.723119506,0.346898765,39.53490368,32.90954705,6.625356629
,C,5.30,,0.0745,0.0745,0.0745,0.2159,0.2159,0.2157,0.0745,0.2158,10.0215,2.0968,12.1183,,,,,,,2.28647673,1.890851572,0.395625157,42.86031926,35.44427153,7.416047723
36,A,5.50,5.60,0.0644,0.0645,0.0643,0.1874,0.1869,0.1868,0.0644,0.1870,8.6862,1.8022,10.4884,8.6719,1.7481,10.4200,0.0178,0.0484,0.0641,1.906983758,1.579305697,0.327678061,37.09560256,30.72144491,6.374157648
,B,5.70,,0.0629,0.0637,0.0641,0.1862,0.1868,0.1870,0.0636,0.1867,8.6776,1.7329,10.4105,,,,,,,1.826406784,1.522387602,0.304019181,36.82011271,30.6911273,6.128985405
,C,5.60,,0.0631,0.0632,0.0632,0.1863,0.1861,0.1858,0.0632,0.1861,8.6521,1.7091,10.3612,,,,,,,1.850212619,1.545010238,0.305202381,36.64564853,30.60075452,6.044894013
37,A,5.20,5.43,0.0645,0.0643,0.0644,0.1902,0.1899,0.1897,0.0644,0.1899,8.8328,1.7373,10.5701,7.7689,1.5028,9.2717,1.0255,0.2385,1.2631,2.032706667,1.69861641,0.334090256,37.38443328,31.24002735,6.144405932
,B,5.60,,0.0561,0.0560,0.0560,0.1655,0.1652,0.1652,0.0560,0.1653,7.6874,1.5106,9.1980,,,,,,,1.642505476,1.372751667,0.26975381,32.53176299,27.18896984,5.342793143
,C,5.50,,0.0487,0.0486,0.0486,0.1461,0.1456,0.1455,0.0486,0.1457,6.7866,1.2604,8.0470,,,,,,,1.463098424,1.233931394,0.22916703,28.46092287,24.0030511,4.457871779
38,A,5.50,5.73,0.0716,0.0715,0.0725,0.2081,0.2078,0.2087,0.0719,0.2082,9.6671,2.0228,11.6899,10.0852,2.0033,12.0885,0.3904,0.0897,0.3500,2.125429333,1.757648485,0.367780848,41.34491523,34.19065808,7.15425715
,B,5.40,,0.0756,0.0747,0.0746,0.2189,0.2180,..2178,0.0750,0.2185,10.1482,2.0816,12.2298,,,,,,,2.264786914,1.879301975,0.385484938,43.25475466,35.89244771,7.362306949
,C,6.30,,0.0737,0.0743,0.0753,0.2234,0.2239,0.2250,0.0744,0.2241,10.4403,1.9054,12.3457,,,,,,,1.959636614,1.657186243,0.30245037,43.66453514,36.92534956,6.739185589
39,A,5.10,5.10,0.0792,0.0809,0.0824,0.2374,0.2388,0.2401,0.0808,0.2388,11.1053,2.1724,13.2776,11.1729,2.0751,13.2480,0.0914,0.0911,0.1080,2.603458039,2.177505098,0.425952941,46.9605857,39.27734314,7.683242555
,B,5.10,,0.0799,0.0807,0.0807,0.2419,0.2424,0.2419,0.0804,0.2421,11.2769,2.0612,13.3381,,,,,,,2.61532,2.211158431,0.404161569,47.17454906,39.88437434,7.290174719
,C,5.10,,0.0789,0.0786,0.0793,0.2389,0.2387,0.2392,0.0789,0.2389,11.1364,1.9919,13.1283,,,,,,,2.574172026,2.183613072,0.390558954,46.43233123,39.38751739,7.044813845
40,A,5.10,5.13,0.0570,0.0571,0.0571,0.1646,0.1644,0.1644,0.0571,0.1645,7.6329,1.6254,9.2583,7.5561,1.5512,9.1073,0.3508,0.0650,0.3775,1.815362092,1.496650458,0.318711634,32.74508972,26.99624154,5.748848176
,B,5.10,,0.0566,0.0570,0.0576,0.1687,0.1689,0.1694,0.0571,0.1690,7.8621,1.5239,9.3860,,,,,,,1.840393203,1.54159268,0.298800523,33.19659522,27.80689915,5.389696069
,C,5.20,,0.0533,0.0534,0.0534,0.1546,0.1546,0.1543,0.0534,0.1545,7.1733,1.5044,8.6777,,,,,,,1.66878641,1.379472051,0.289314359,30.69141025,25.37049822,5.320912028
41,A,5.00,4.90,0.0549,0.0546,0.0551,0.1701,0.1698,0.1702,0.0549,0.1700,7.9407,1.2960,9.2367,7.7854,1.4409,9.2263,0.1345,0.1259,0.0156,1.8473456,1.588136,0.2592096,32.66862842,28.08474217,4.583886256
,B,5.10,,0.0566,0.0559,0.0556,0.1662,0.1655,0.1653,0.0560,0.1657,7.7059,1.5024,9.2084,,,,,,,1.80556,1.510970196,0.294589804,32.56828181,27.25453774,5.313744076
,C,4.60,,0.0561,0.0564,0.0564,0.1659,0.1657,0.1658,0.0563,0.1658,7.7095,1.5242,9.2337,,,,,,,2.007333043,1.675978261,0.331354783,32.65803211,27.26710052,5.390931598
42,A,4.80,4.93,0.0531,0.0521,0.0510,0.1558,0.1545,0.1535,0.0521,0.1546,7.1939,1.3812,8.5751,7.1116,1.2958,8.4074,0.0716,0.0744,0.1452,1.786479444,1.498720556,0.287758889,30.32857513,25.44337082,4.88520431
,B,5.00,,0.0499,0.0498,0.0501,0.1520,0.1517,0.1517,0.0499,0.1518,7.0778,1.2455,8.3233,,,,,,,1.664656533,1.415561067,0.249095467,29.43793827,25.03291127,4.405026998
,C,5.00,,0.0500,0.0502,0.0499,0.1516,0.1517,0.1513,0.0500,0.1515,7.0631,1.2608,8.3239,,,,,,,1.664776267,1.412625333,0.252150933,29.44005565,24.9809955,4.459060149
43,A,4.80,4.80,0.0508,0.0506,0.0506,0.1461,0.1459,0.1456,0.0507,0.1459,6.7690,1.4466,8.2157,6.6554,1.5106,8.1660,0.1782,0.3020,0.4475,1.711595556,1.410217778,0.301377778,29.05729174,23.94088326,5.116408479
,B,4.80,,0.0594,0.0552,0.0505,0.1509,0.1466,0.1419,0.0550,0.1465,6.7472,1.8394,8.5866,,,,,,,1.788875833,1.4056575,0.383218333,30.36925798,23.86346467,6.505793308
,C,4.80,,0.0464,0.0469,0.0470,0.1389,0.1383,0.1387,0.0468,0.1386,6.4500,1.2458,7.6958,,,,,,,1.6032825,1.343744167,0.259538333,27.21849049,22.81237886,4.406111622
44,A,5.20,5.33,0.0479,0.0477,0.0478,0.1427,0.1423,0.1422,0.0478,0.1424,6.6281,1.2576,7.8856,6.6702,1.2886,7.9588,0.1025,0.0697,0.1722,1.516463077,1.274626154,0.241836923,27.88996251,23.44222961,4.447732899
,B,5.50,,0.0475,0.0473,0.0475,0.1419,0.1416,0.1415,0.0474,0.1417,6.5954,1.2399,7.8352,,,,,,,1.424586909,1.199157091,0.225429818,27.7117776,23.32660395,4.385173658
,C,5.30,,0.0499,0.0498,0.0499,0.1461,0.1459,0.1461,0.0499,0.1460,6.7870,1.3684,8.1555,,,,,,,1.538771321,1.280573585,0.258197736,28.84447903,24.00452713,4.839951899
45,A,5.90,5.90,0.0792,0.0785,0.0806,0.2035,0.2057,0.2074,0.0794,0.2055,9.4417,2.7865,12.2283,9.0487,2.2090,11.2577,0.5422,0.5086,0.9854,2.072588701,1.600295367,0.472293333,43.24918064,33.39372804,9.855452595
,B,5.80,,0.0696,0.0697,0.0700,0.2000,0.2000,0.1998,0.0698,0.1999,9.2742,2.0126,11.2868,,,,,,,1.94600069,1.599003448,0.346997241,39.91937469,32.80123081,7.118143878
,C,6.00,,0.0632,0.0636,0.0634,0.1820,0.1818,0.1814,0.0634,0.1817,8.4302,1.8279,10.2581,,,,,,,1.709680444,1.405028889,0.304651556,36.28097428,29.81599113,6.464983141
46,A,5.90,5.73,0.0707,0.0707,0.0708,0.2041,0.2036,0.2034,0.0707,0.2037,9.4531,2.0181,11.4713,9.4712,2.0130,11.4843,0.5790,0.1399,0.7188,1.944279774,1.602220565,0.342059209,40.57172903,33.43390158,7.13782745
,B,5.80,,0.0752,0.0753,0.0754,0.2169,0.2167,0.2167,0.0753,0.2168,10.0591,2.1503,12.2095,,,,,,,2.105081609,1.734333563,0.370748046,43.18268845,35.57733135,7.605357101
,C,5.50,,0.0664,0.0663,0.0661,0.1920,0.1919,0.1913,0.0663,0.1917,8.9015,1.8706,10.7721,,,,,,,1.958565818,1.618452364,0.340113455,38.09900262,31.48294546,6.616057155
47,A,5.60,5.50,0.0545,0.0546,0.0547,0.1591,0.1592,0.1592,0.0546,0.1592,7.3945,1.5147,8.9091,7.2113,1.3813,8.5926,0.1622,0.2049,0.3411,1.590910952,1.320437619,0.270473333,31.50987244,26.15282828,5.357044163
,B,5.50,,0.0482,0.0483,0.0500,0.1511,0.1511,0.1529,0.0488,0.1517,7.0859,1.1454,8.2313,,,,,,,1.496596121,1.288346424,0.208249697,29.11253684,25.0615595,4.050977341
,C,5.40,,0.0522,0.0532,0.0537,0.1535,0.1542,0.1544,0.0530,0.1540,7.1536,1.4839,8.6375,,,,,,,1.599540988,1.324749383,0.274791605,30.54934333,25.30114829,5.248195044
48,A,5.60,5.47,0.0625,0.0623,0.0623,0.1884,0.1879,0.1880,0.0624,0.1881,8.7644,1.5892,10.3536,8.4306,1.5323,9.9629,0.3813,0.0735,0.3900,1.848854524,1.565076905,0.283777619,36.61874985,30.99819858,5.620551272
,B,5.50,,0.0590,0.0592,0.0603,0.1822,0.1822,0.1829,0.0595,0.1824,8.5122,1.4494,9.9616,,,,,,,1.811196848,1.547674424,0.263522424,35.23230766,30.10613756,5.126170097
,C,5.30,,0.0572,0.0583,0.0592,0.1715,0.1724,0.1730,0.0582,0.1723,8.0150,1.5585,9.5735,,,,,,,1.806325786,1.512267421,0.294058365,33.8598241,28.34765981,5.512164297
49,A,5.90,5.93,0.0925,0.0927,0.0941,0.2621,0.2622,0.2632,0.0931,0.2625,12.1585,2.7820,14.9405,12.4757,2.6883,15.1640,0.2747,0.1296,0.2197,2.532296271,2.06076678,0.471529492,52.84200325,43.00248992,9.839513334
,B,5.90,,0.0943,0.0951,0.0958,0.2721,0.2725,0.2727,0.0951,0.2724,12.6372,2.7425,15.3797,,,,,,,2.606733559,2.141903729,0.464829831,54.39530311,44.69559312,9.699709981
,C,6.00,,0.0921,0.0931,0.0930,0.2713,0.2722,0.2718,0.0927,0.2718,12.6314,2.5403,15.1718,,,,,,,2.528628,2.105238667,0.423389333,53.65978638,44.67507958,8.984706798
50,A,6.40,6.23,0.0918,0.0917,0.0918,0.2537,0.2533,0.2529,0.0918,0.2533,11.7093,2.8641,14.5734,11.4925,2.6423,14.1348,0.1888,0.1931,0.3820,2.277088958,1.829581042,0.447507917,51.54335903,41.41373229,10.12962675
,B,6.20,,0.0865,0.0869,0.0866,0.2462,0.2464,0.2456,0.0867,0.2461,11.4046,2.5516,13.9562,,,,,,,2.250995269,1.839451183,0.411544086,49.36043951,40.3359883,9.024451204
,C,6.10,,0.0857,0.0860,0.0863,0.2451,0.2451,0.2451,0.0860,0.2451,11.3637,2.5112,13.8749,,,,,,,2.274573115,1.862900984,0.411672131,49.07298578,40.19132772,8.88165806
51,A,5.80,5.77,0.0683,0.0686,0.0685,0.1944,0.1944,0.1941,0.0685,0.1943,9.0049,2.0178,11.0228,9.6097,2.0365,11.6462,0.6521,0.1563,0.7664,1.900476782,1.552577011,0.34789977,38.98551791,31.84885997,7.136657943
,B,5.50,,0.0699,0.0688,0.0702,0.2051,0.2040,0.2054,0.0696,0.2048,9.5236,1.8904,11.4140,,,,,,,2.075268606,1.731556121,0.343712485,40.36916366,33.68309637,6.686067294
,C,6.00,,0.0774,0.0771,0.0768,0.2225,0.2220,0.2214,0.0771,0.2220,10.3005,2.2013,12.5018,,,,,,,2.083641556,1.716753111,0.366888444,44.21676923,36.4310627,7.785706538
52,A,5.80,5.77,0.0928,0.0941,0.0955,0.2700,0.2720,0.2719,0.0941,0.2713,12.5911,2.6810,15.2721,12.9219,2.9468,15.8688,0.3895,0.2480,0.6275,2.633127356,2.170878161,0.462249195,54.01477918,44.53240904,9.48237014
,B,5.60,,0.0989,0.0989,0.0986,0.2774,0.2770,0.2766,0.0988,0.2770,12.8235,2.9876,15.8110,,,,,,,2.823397143,2.289905714,0.533491429,55.92071868,45.35429016,10.56642852
,C,5.90,,0.1035,0.1036,0.1036,0.2888,0.2887,0.2882,0.1036,0.2886,13.3513,3.1719,16.5232,,,,,,,2.800546215,2.262927684,0.537618531,58.43963594,47.22102756,11.21860838
53,A,5.40,5.30,0.0551,0.0554,0.0556,0.1710,0.1711,0.1713,0.0554,0.1711,7.9903,1.3179,9.3082,7.9178,1.4739,9.3917,0.3392,0.1731,0.4475,1.723748889,1.479688148,0.244060741,32.92156752,28.26029568,4.66127184
,B,5.30,,0.0606,0.0602,0.0604,0.1773,0.1767,0.1763,0.0604,0.1768,8.2149,1.6600,9.8750,,,,,,,1.863204025,1.549988428,0.313215597,34.92601448,29.05474523,5.871269246
,C,5.20,,0.0529,0.0547,0.0561,0.1608,0.1624,0.1634,0.0546,0.1622,7.5482,1.4436,8.9918,,,,,,,1.729195641,1.451579744,0.277615897,31.8024239,26.6966636,5.105760298
54,A,5.40,5.40,0.0328,0.0331,0.0332,0.1088,0.1087,0.1090,0.0330,0.1088,5.1075,0.6356,5.7431,5.3077,0.8832,6.1909,0.1820,0.2209,0.4027,1.063535062,0.945839753,0.117695309,20.31226333,18.06442197,2.247841362
,B,5.50,,0.0376,0.0379,0.0382,0.1146,0.1148,0.1151,0.0379,0.1148,5.3527,0.9539,6.3066,,,,,,,1.146661576,0.973216242,0.173445333,22.30543491,18.93148947,3.373945439
,C,5.30,,0.0392,0.0398,0.0400,0.1173,0.1176,0.1174,0.0397,0.1174,5.4630,1.0601,6.5231,,,,,,,1.23077283,1.030757736,0.200015094,23.07100516,19.32169484,3.74931032
55,A,5.50,5.57,0.0673,0.0675,0.0675,0.1921,0.1922,0.1917,0.0674,0.1920,8.9010,1.9732,10.8742,9.2009,2.1338,11.3347,0.2629,0.2112,0.4460,1.977129939,1.618366788,0.358763152,38.46012119,31.4812808,6.978840395
,B,5.30,,0.0784,0.0743,0.0707,0.2074,0.2030,0.1997,0.0745,0.2034,9.3916,2.3730,11.7646,,,,,,,2.219728805,1.771999497,0.447729308,41.60912028,33.21637311,8.392747165
,C,5.90,,0.0703,0.0704,0.0706,0.2009,0.2007,0.2008,0.0704,0.2008,9.3101,2.0552,11.3653,,,,,,,1.926315706,1.577977175,0.348338531,40.19686874,32.92800924,7.268859494
56,A,5.00,5.17,0.0502,0.0498,0.0500,0.1490,0.1482,0.1483,0.0500,0.1485,6.9102,1.3256,8.2358,7.0758,1.4345,8.5103,0.1475,0.1010,0.2479,1.647152,1.382032,0.26512,29.1283865,24.43998019,4.68840631
,B,5.30,,0.0527,0.0525,0.0524,0.1536,0.1535,0.1529,0.0525,0.1533,7.1242,1.4530,8.5773,,,,,,,1.618352704,1.34419522,0.274157484,30.33624296,25.19712339,5.139119568
,C,5.20,,0.0535,0.0538,0.0538,0.1548,0.1551,0.1550,0.0537,0.1550,7.1929,1.5250,8.7179,,,,,,,1.676511026,1.383242821,0.293268205,30.83347716,25.43984815,5.393629011
57,A,5.20,5.10,0.0598,0.0579,0.0580,0.1657,0.1658,0.1655,0.0586,0.1657,7.6756,1.7381,9.4138,7.7584,1.7083,9.4667,0.0719,0.0276,0.0460,1.810338205,1.47608641,0.334251795,33.29475372,27.14737686,6.14737686
,B,5.00,,0.0587,0.0587,0.0589,0.1683,0.1681,0.1678,0.0588,0.1681,7.7946,1.7030,9.4976,,,,,,,1.899511733,1.558920267,0.340591467,33.59113909,27.56808847,6.023050624
,C,5.10,,0.0586,0.0586,0.0586,0.1685,0.1682,0.1680,0.0586,0.1682,7.8050,1.6837,9.4887,,,,,,,1.860536993,1.53039634,0.330140654,33.55994435,27.60494211,5.95500224
58,A,5.00,4.87,0.0313,0.0315,0.0315,0.0944,0.0945,0.0945,0.0314,0.0945,4.4003,0.8085,5.2088,4.6152,0.8391,5.4542,0.1867,0.0276,0.2127,1.0417592,0.8800584,0.1617008,18.4225649,15.56303318,2.859531725
,B,4.50,,0.0334,0.0337,0.0337,0.1009,0.1011,0.1012,0.0336,0.1011,4.7081,0.8623,5.5703,,,,,,,1.237850074,1.046238815,0.191611259,19.70122845,16.65160454,3.049623918
,C,5.10,,0.0338,0.0334,0.0335,0.1020,0.1015,0.1014,0.0336,0.1016,4.7371,0.8465,5.5836,,,,,,,1.094819608,0.928847843,0.165971765,19.7481078,16.75434675,2.993761053
59,A,5.40,5.30,0.0446,0.0442,0.0440,0.1324,0.1320,0.1320,0.0443,0.1321,6.1512,1.1588,7.3100,5.5021,1.0447,6.5468,0.5998,0.1051,0.7050,1.353706667,1.139117037,0.21458963,25.8541982,21.75578977,4.098408432
,B,5.20,,0.0358,0.0360,0.0360,0.1068,0.1068,0.1067,0.0359,0.1068,4.9684,0.9517,5.9200,,,,,,,1.138466154,0.955453846,0.183012308,20.93804909,17.57218646,3.36586263
,C,5.30,,0.0389,0.0388,0.0389,0.1159,0.1158,0.1155,0.0389,0.1157,5.3866,1.0237,6.4104,,,,,,,1.209501887,1.01634566,0.193156226,22.67227842,19.05153852,3.620739902
60,A,4.90,4.90,0.0387,0.0384,0.0383,0.1165,0.1163,0.1160,0.0385,0.1163,5.4184,0.9746,6.3929,5.4155,1.0090,6.4245,0.0260,0.0333,0.0491,1.304682993,1.105792109,0.198890884,22.61069062,19.16383014,3.446860484
,B,4.80,,0.0394,0.0393,0.0393,0.1170,0.1169,0.1168,0.0393,0.1169,5.4400,1.0410,6.4811,,,,,,,1.350218889,1.133341111,0.216877778,22.92229846,19.24042348,3.681874985
,C,5.00,,0.0390,0.0386,0.0386,0.1161,0.1156,0.1155,0.0387,0.1157,5.3882,1.0113,6.3995,,,,,,,1.279909867,1.077645333,0.202264533,22.63404305,19.05717856,3.576864493
61,A,4.40,4.30,0.0535,0.0540,0.0537,0.1585,0.1586,0.1582,0.0537,0.1584,7.3677,1.4504,8.8182,7.6427,1.4836,9.1263,0.2681,0.0312,0.2890,2.004132121,1.674486061,0.329646061,31.18830492,26.05835279,5.129952135
,B,4.30,,0.0561,0.0559,0.0557,0.1650,0.1646,0.1644,0.0559,0.1647,7.6570,1.5124,9.1694,,,,,,,2.132415194,1.780693643,0.35172155,32.43044965,27.08135625,5.349093396
,C,4.20,,0.0556,0.0570,0.0580,0.1688,0.1700,0.1705,0.0569,0.1698,7.9033,1.4881,9.3914,,,,,,,2.23604254,1.881732698,0.354309841,33.21559973,27.95245573,5.263143996
62,A,4.80,4.70,0.0622,0.0629,0.0629,0.1840,0.1841,0.1841,0.0627,0.1841,8.5569,1.7074,10.2643,8.6390,1.6623,10.3013,0.0801,0.1208,0.0838,2.138402222,1.782691111,0.355711111,36.30307232,30.26426163,6.038810686
,B,4.80,,0.0610,0.0609,0.0623,0.1867,0.1863,0.1878,0.0614,0.1869,8.7170,1.5253,10.2424,,,,,,,2.133823889,1.816042778,0.317781111,36.2253472,30.83046379,5.394883403
,C,4.50,,0.0637,0.0637,0.0635,0.1862,0.1862,0.1856,0.0636,0.1860,8.6431,1.7540,10.3972,,,,,,,2.310477926,1.920690074,0.389787852,36.77283252,30.56909292,6.203739596
63,A,5.20,5.30,0.0473,0.0475,0.0476,0.1371,0.1370,0.1371,0.0475,0.1371,6.3624,1.3460,7.7084,6.5734,1.2788,7.8522,0.2240,0.1762,0.3211,1.48238359,1.22353641,0.258847179,27.26319115,22.50261489,4.760576266
,B,5.30,,0.0449,0.0442,0.0470,0.1395,0.1395,0.1418,0.0454,0.1403,6.5493,1.0789,7.6282,,,,,,,1.439290314,1.235716478,0.203573836,26.97969395,23.16367452,3.816019429
,C,5.40,,0.0503,0.0505,0.0506,0.1466,0.1466,0.1466,0.0505,0.1466,6.8085,1.4116,8.2201,,,,,,,1.522239506,1.260836049,0.261403457,29.07297635,24.08047912,4.992497229
64,A,5.60,5.70,0.0551,0.0551,0.0550,0.1597,0.1593,0.1593,0.0551,0.1594,7.4024,1.5521,8.9544,7.0139,1.8041,8.8181,0.8356,0.5213,0.3145,1.599008571,1.321848571,0.27716,31.67025536,26.18077386,5.489481502
,B,5.50,,0.0572,0.0581,0.0586,0.0663,0.1670,0.1671,0.0580,0.1335,6.0548,2.4036,8.4584,,,,,,,1.537883394,1.100871515,0.437011879,29.91567754,21.41470373,8.500973804
,C,6.00,,0.0541,0.0546,0.0560,0.1624,0.1626,0.1640,0.0549,0.1630,7.5847,1.4567,9.0414,,,,,,,1.506895333,1.264112667,0.242782667,31.97768975,26.82562071,5.152069039
65,A,4.70,4.77,0.0344,0.0345,0.0345,0.1138,0.1137,0.1136,0.0345,0.1137,5.3365,0.6599,5.9963,5.6419,0.8434,6.4852,0.3483,0.2437,0.5903,1.275819007,1.135415035,0.140403972,21.20799793,18.87405626,2.333941666
,B,4.60,,0.0356,0.0363,0.0381,0.1178,0.1183,0.1203,0.0367,0.1188,5.5680,0.7503,6.3183,,,,,,,1.373552464,1.210433623,0.163118841,22.34682512,19.69298531,2.653839806
,C,5.00,,0.0430,0.0432,0.0433,0.1294,0.1293,0.1292,0.0432,0.1293,6.0211,1.1199,7.1410,,,,,,,1.428208267,1.204226933,0.223981333,25.25656551,21.29565915,3.960906369
66,A,4.50,4.60,0.0456,0.0452,0.0450,0.1358,0.1351,0.1346,0.0453,0.1352,6.2926,1.1839,7.4765,6.2335,1.0999,7.3334,0.1346,0.2191,0.3535,1.661447704,1.398363852,0.263083852,26.44307373,22.25591474,4.187158992
,B,4.50,,0.0406,0.0403,0.0403,0.1302,0.1296,0.1296,0.0404,0.1298,6.0795,0.8513,6.9308,,,,,,,1.540177778,1.351000889,0.189176889,24.51298012,21.50210087,3.010879253
,C,4.80,,0.0455,0.0467,0.0469,0.1354,0.1364,0.1366,0.0464,0.1361,6.3284,1.2646,7.5929,,,,,,,1.581859167,1.3184075,0.263451667,26.85479239,22.38224517,4.472547217
67,A,5.00,5.03,0.0393,0.0394,0.0392,0.1134,0.1132,0.1129,0.0393,0.1132,5.2517,1.1215,6.3732,5.2781,1.1430,6.4211,0.0612,0.0211,0.0785,1.274643467,1.050335733,0.224307733,22.54091156,18.5742331,3.966678456
,B,5.20,,0.0407,0.0402,0.0399,0.1168,0.1165,0.1126,0.0403,0.1153,5.3480,1.1637,6.5117,,,,,,,1.252244103,1.028457436,0.223786667,23.03059112,18.9148287,4.11576242
,C,4.90,,0.0395,0.0395,0.0394,0.1129,0.1128,0.1129,0.0395,0.1129,5.2345,1.1438,6.3783,,,,,,,1.30169034,1.068268844,0.233421497,22.55882672,18.51353658,4.045290137
68,A,5.10,5.07,0.0486,0.0486,0.0482,0.1441,0.1438,0.1433,0.0485,0.1437,6.6875,1.2897,7.9772,6.4555,1.2521,7.7076,0.2017,0.0531,0.2409,1.564158431,1.311273725,0.252884706,28.21393506,23.65245809,4.561476975
,B,5.10,,0.0464,0.0469,0.0466,0.1368,0.1370,0.1365,0.0466,0.1368,6.3572,1.2752,7.6324,,,,,,,1.496545098,1.246507451,0.250037647,26.99434109,22.48421872,4.510122374
,C,5.00,,0.0449,0.0455,0.0461,0.1353,0.1359,0.1362,0.0455,0.1358,6.3219,1.1914,7.5133,,,,,,,1.5026536,1.2643736,0.23828,26.57306359,22.3592983,4.213765297
69,A,5.30,5.43,0.0748,0.0769,0.0791,0.1982,0.2002,0.2023,0.0769,0.2002,9.2037,2.6727,11.8763,9.0056,2.0536,11.0592,0.3261,0.5879,0.8773,2.240816101,1.73654239,0.504273711,42.00440452,32.55172479,9.452679729
,B,5.20,,0.0608,0.0607,0.0606,0.1856,0.1850,0.1845,0.0607,0.1850,8.6293,1.5028,10.1321,,,,,,,1.948479744,1.659483333,0.28899641,35.83537761,30.52031313,5.315064488
,C,5.80,,0.0688,0.0690,0.0692,0.1979,0.1980,0.1980,0.0690,0.1980,9.1840,1.9853,11.1693,,,,,,,1.925734713,1.58344046,0.342294253,39.50364764,32.48197873,7.021668907
70,A,4.90,4.97,0.0397,0.0405,0.0417,0.1243,0.1247,0.1260,0.0406,0.1250,5.8340,0.9805,6.8146,5.8460,0.9859,6.8320,0.0887,0.1058,0.1944,1.390724626,1.190617415,0.200107211,24.10182736,20.63388743,3.467939921
,B,4.90,,0.0427,0.0425,0.0422,0.1278,0.1277,0.1271,0.0425,0.1275,5.9402,1.0944,7.0345,,,,,,,1.435619592,1.212282449,0.223337143,24.8798755,21.00935135,3.870524156
,C,5.10,,0.0391,0.0391,0.0393,0.1233,0.1232,0.1233,0.0392,0.1233,5.7639,0.8829,6.6468,,,,,,,1.303298562,1.130182222,0.17311634,23.5086039,20.38597062,3.122633279
71,A,4.70,4.63,0.0474,0.0472,0.0472,0.1365,0.1363,0.1358,0.0473,0.1362,6.3210,1.3468,7.6678,6.0882,1.0804,7.1686,0.2084,0.2495,0.4569,1.631441135,1.344885674,0.286555461,27.11952088,22.3560963,4.763424583
,B,4.50,,0.0399,0.0395,0.0394,0.1268,0.1264,0.1261,0.0396,0.1264,5.9189,0.8523,6.7711,,,,,,,1.504695704,1.315300741,0.189394963,23.94825871,20.93390866,3.014350051
,C,4.70,,0.0420,0.0421,0.0428,0.1289,0.1292,0.1294,0.0423,0.1292,6.0248,1.0423,7.0670,,,,,,,1.503620709,1.281863546,0.221757163,24.99475608,21.30847657,3.686279503
72,A,5.30,5.33,0.0746,0.0743,0.0741,0.2173,0.2170,0.2168,0.0743,0.2170,10.0842,2.0544,12.1386,9.9696,1.9278,11.8974,0.2685,0.2432,0.5111,2.290302893,1.90267522,0.387627673,42.93204122,35.66590743,7.266133786
,B,5.30,,0.0677,0.0676,0.0674,0.2073,0.2071,0.2069,0.0676,0.2071,9.6629,1.6474,11.3102,,,,,,,2.134007799,1.823184654,0.310823145,40.00226828,34.17584589,5.82642239
,C,5.40,,0.0750,0.0751,0.0750,0.2197,0.2196,0.2169,0.0750,0.2187,10.1618,2.0815,12.2432,,,,,,,2.267265432,1.88180716,0.385458272,43.30209144,35.94029379,7.361797647
73,A,5.10,5.37,0.0763,0.0782,0.0801,0.2312,0.2331,0.2345,0.0782,0.2329,10.8418,2.0580,12.8999,11.0105,2.3743,13.3847,0.2413,0.5083,0.7490,2.529384052,2.125850458,0.403533595,45.62445592,38.34560845,7.278847469
,B,5.60,,0.0929,0.0908,0.0885,0.2473,0.2448,0.2420,0.0907,0.2447,11.2869,2.9605,14.2474,,,,,,,2.544180476,2.015510952,0.528669524,50.39050246,39.91957747,10.470925
,C,5.40,,0.0793,0.0790,0.0788,0.2349,0.2344,0.2337,0.0790,0.2343,10.9027,2.1042,13.0068,,,,,,,2.408675802,2.019010123,0.389665679,46.00286246,38.56070831,7.442154158
74,A,5.70,5.40,0.0767,0.0764,0.0762,0.2274,0.2270,0.2266,0.0764,0.2270,10.5630,2.0266,12.5895,10.7969,2.1189,12.9158,0.2623,0.1193,0.3807,2.208690292,1.853153918,0.355536374,44.52689632,37.35933131,7.167565019
,B,5.30,,0.0739,0.0798,0.0801,0.2307,0.2311,0.2312,0.0779,0.2310,10.7473,2.0765,12.8238,,,,,,,2.419583899,2.027788176,0.391795723,45.35543137,38.01116691,7.34426446
,C,5.20,,0.0794,0.0814,0.0841,0.2362,0.2384,0.2408,0.0816,0.2385,11.0805,2.2535,13.3341,,,,,,,2.564240769,2.130873077,0.433367692,47.16011884,39.18985641,7.970262432
75,A,5.30,5.30,0.0653,0.0659,0.0668,0.1896,0.1899,0.1906,0.0660,0.1900,8.8187,1.8839,10.7026,8.2231,1.6174,9.8405,0.7784,0.3098,1.0868,2.019362013,1.66391044,0.355451572,37.85321733,31.19022895,6.662988376
,B,5.20,,0.0519,0.0516,0.0514,0.1578,0.1573,0.1572,0.0516,0.1574,7.3423,1.2775,8.6198,,,,,,,1.657644872,1.411979744,0.245665128,30.48650114,25.96836198,4.518139162
,C,5.40,,0.0612,0.0623,0.0632,0.1822,0.1832,0.1836,0.0622,0.1830,8.5082,1.6910,10.1992,,,,,,,1.888733086,1.575586914,0.313146173,36.0725708,30.09184881,5.980721983
76,A,5.90,5.83,0.1063,0.1067,0.1067,0.3031,0.3032,0.3028,0.1066,0.3030,14.0468,3.1270,17.1738,13.9149,3.2215,17.1365,0.1621,0.1623,0.0410,2.910821017,2.380818305,0.530002712,60.74076537,49.68107802,11.05968735
,B,5.80,,0.1082,0.1081,0.1083,0.2976,0.2971,0.2970,0.1082,0.2972,13.7340,3.4089,17.1429,,,,,,,2.95568046,2.367938851,0.587741609,60.63148711,48.57482257,12.05666454
,C,5.80,,0.1063,0.1061,0.1061,0.3019,0.3011,0.3009,0.1062,0.3013,13.9640,3.1286,17.0926,,,,,,,2.94700023,2.407581839,0.539418391,60.45342482,49.38804084,11.06538398
77,A,6.30,6.20,0.0532,0.0532,0.0535,0.1648,0.1646,0.1648,0.0533,0.1647,7.6914,1.2690,8.9605,7.6156,1.4342,9.0498,0.1033,0.1837,0.2098,1.422294392,1.220864974,0.201429418,31.69149985,27.20325859,4.488241258
,B,6.20,,0.0573,0.0572,0.0573,0.1651,0.1649,0.1650,0.0573,0.1650,7.6575,1.6321,9.2896,,,,,,,1.49831957,1.23507914,0.26324043,32.85556106,27.08315296,5.772408102
,C,6.10,,0.0538,0.0537,0.0540,0.1611,0.1609,0.1611,0.0538,0.1610,7.4980,1.4015,8.8995,,,,,,,1.458935301,1.229180109,0.229755191,31.47593313,26.51905873,4.956874396
78,A,4.70,4.67,0.0473,0.0483,0.0488,0.1440,0.1447,0.1451,0.0481,0.1446,6.7353,1.2393,7.9746,6.7144,1.1920,7.9064,0.3918,0.2540,0.6448,1.696720567,1.433042837,0.26367773,28.20466388,23.82153687,4.383127019
,B,4.90,,0.0532,0.0519,0.0509,0.1540,0.1525,0.1514,0.0520,0.1526,7.0952,1.4191,8.5143,,,,,,,1.737615238,1.448004354,0.289610884,30.11358374,25.0945085,5.01907524
,C,4.40,,0.0421,0.0424,0.0425,0.1349,0.1350,0.1347,0.0423,0.1349,6.3126,0.9177,7.2302,,,,,,,1.643234545,1.434670909,0.208563636,25.57201669,22.3263493,3.245667398
79,A,5.60,5.57,0.0672,0.0671,0.0668,0.1974,0.1971,0.1969,0.0670,0.1971,9.1653,1.8210,10.9863,9.1020,1.7574,10.8594,0.0950,0.0590,0.1478,1.961845952,1.636668333,0.325177619,38.85667869,32.41615147,6.440527222
,B,5.40,,0.0637,0.0648,0.0660,0.1923,0.1931,0.1942,0.0648,0.1932,8.9928,1.7044,10.6972,,,,,,,1.980962716,1.665330617,0.315632099,37.83404777,31.80584754,6.028200231
,C,5.70,,0.0654,0.0661,0.0668,0.1962,0.1965,0.1970,0.0661,0.1966,9.1479,1.7469,10.8947,,,,,,,1.911351813,1.604886784,0.306465029,38.53259296,32.35429959,6.178293367
80,A,5.00,4.93,0.0646,0.0636,0.0624,0.1858,0.1846,0.1832,0.0635,0.1845,8.5701,1.7776,10.3477,8.3945,1.7511,10.1456,0.1584,0.0311,0.1766,2.069548267,1.714029333,0.355518933,36.59808069,30.31105138,6.287029308
,B,5.00,,0.0618,0.0617,0.0617,0.1801,0.1798,0.1794,0.0617,0.1798,8.3507,1.7169,10.0676,,,,,,,2.0135136,1.6701344,0.3433792,35.60715852,29.53480937,6.072349155
,C,4.80,,0.0616,0.0619,0.0618,0.1781,0.1781,0.1779,0.0618,0.1780,8.2626,1.7588,10.0215,,,,,,,2.087804167,1.7213825,0.366421667,35.4440829,29.22344203,6.220640871
81,A,5.20,5.23,0.0232,0.0233,0.0241,0.0665,0.0666,0.0674,0.0235,0.0668,3.0976,0.6925,3.7901,2.9532,0.4435,3.3967,0.1253,0.2232,0.3443,0.728867179,0.595698974,0.133168205,13.40492797,10.95577091,2.449157058
,B,5.40,,0.0179,0.0188,0.0197,0.0604,0.0613,0.0621,0.0188,0.0613,2.8728,0.3768,3.2496,,,,,,,0.60177284,0.531999012,0.069773827,11.49315036,10.16055269,1.332597675
,C,5.10,,0.0175,0.0170,0.0182,0.0611,0.0605,0.0623,0.0176,0.0613,2.8892,0.2613,3.1505,,,,,,,0.617747712,0.566515817,0.051231895,11.14279314,10.21868383,0.924109311
82,A,5.50,5.40,0.0549,0.0549,0.0551,0.1696,0.1693,0.1692,0.0550,0.1694,7.9058,1.3203,9.2261,7.9618,1.4037,9.3655,0.2916,0.2114,0.5010,1.677465939,1.437414061,0.240051879,32.63090708,27.96129778,4.669609299
,B,5.20,,0.0532,0.0530,0.0531,0.1654,0.1646,0.1647,0.0531,0.1649,7.7023,1.2467,8.9489,,,,,,,1.720948462,1.481205385,0.239743077,31.65074627,27.24152225,4.409224022
,C,5.50,,0.0595,0.0607,0.0614,0.1772,0.1782,0.1787,0.0605,0.1780,8.2774,1.6441,9.9215,,,,,,,1.803902061,1.504979394,0.298922667,35.09040579,29.27561246,5.814793332
83,A,5.60,5.57,0.0714,0.0698,0.0699,0.2096,0.2078,0.2098,0.0704,0.2091,9.7288,1.8638,11.5926,9.4922,1.6440,11.1362,0.3033,0.2015,0.4901,2.070115476,1.737290238,0.332825238,41.00108462,34.40908727,6.591997359
,B,5.70,,0.0663,0.0668,0.0670,0.2054,0.2055,0.2059,0.0667,0.2056,9.5974,1.6003,11.1977,,,,,,,1.964514386,1.683755088,0.280759298,39.60434321,33.94427389,5.660069322
,C,5.40,,0.0632,0.0628,0.0628,0.1962,0.1959,0.1955,0.0629,0.1959,9.1503,1.4679,10.6182,,,,,,,1.966340741,1.694506667,0.271834074,37.55478532,32.36307562,5.191709698
84,A,5.30,5.27,0.0566,0.0567,0.0567,0.1729,0.1730,0.1725,0.0567,0.1728,8.0590,1.4015,9.4606,8.1926,1.5988,9.7914,0.2946,0.1718,0.4075,1.785015346,1.520572579,0.264442767,33.46035698,28.50334111,4.957015869
,B,5.60,,0.0621,0.0626,0.0632,0.1831,0.1835,0.1840,0.0626,0.1835,8.5304,1.7163,10.2466,,,,,,,1.829751667,1.523276905,0.306474762,36.24039518,30.17030016,6.070095023
,C,4.90,,0.0587,0.0597,0.0600,0.1717,0.1720,0.1725,0.0595,0.1721,7.9885,1.6785,9.6670,,,,,,,1.972847891,1.630299864,0.342548027,34.19026196,28.25376435,5.936497607
85,A,5.00,4.77,0.0561,0.0559,0.0558,0.1738,0.1736,0.1731,0.0559,0.1735,8.1032,1.3176,9.4208,8.0706,1.4266,9.4973,0.1598,0.1237,0.1018,1.884166933,1.620639467,0.263527467,33.31978025,28.65953644,4.660243805
,B,4.50,,0.0573,0.0573,0.0577,0.1761,0.1757,0.1762,0.0574,0.1760,8.2117,1.4012,9.6129,,,,,,,2.136189926,1.824812741,0.311377185,33.99892009,29.04313975,4.95578034
,C,4.80,,0.0576,0.0576,0.0578,0.1697,0.1699,0.1699,0.0577,0.1698,7.8971,1.5610,9.4581,,,,,,,1.970441667,1.645225,0.325216667,33.45165169,27.93053689,5.521114805
86,A,5.4,5.27,0.0486,0.0485,0.0480,0.1432,0.1425,0.1425,0.0484,0.1427,6.6381,1.3028,7.9409,6.8512,1.2815,8.1327,0.1860,0.1357,0.2290,1.470544444,1.229283704,0.241260741,28.08566174,23.47786659,4.607795147
,B,5.3,,0.0512,0.0513,0.0513,0.1505,0.1500,0.1501,0.0513,0.1502,6.9810,1.4054,8.3863,,,,,,,1.582327044,1.317162767,0.265164277,29.66093702,24.69039636,4.970540662
,C,5.1,,0.0477,0.0480,0.0482,0.1485,0.1485,0.1485,0.0480,0.1485,6.9345,1.1364,8.0709,,,,,,,1.582528889,1.359701699,0.22282719,28.54529721,24.5259909,4.019306312
87,A,5.40,5.33,0.0494,0.0497,0.0511,0.1552,0.1554,0.1568,0.0501,0.1558,7.2785,1.1683,8.4467,7.3318,1.2812,8.6129,0.0889,0.1054,0.1845,1.564209877,1.347861235,0.216348642,29.87456085,25.74255736,4.13200349
,B,5.20,,0.0509,0.0516,0.0522,0.1558,0.1563,0.1566,0.0516,0.1562,7.2824,1.2981,8.5806,,,,,,,1.650106923,1.400465385,0.249641538,30.3478673,25.75659617,4.591271132
,C,5.40,,0.0532,0.0532,0.0533,0.1598,0.1596,0.1595,0.0532,0.1596,7.4344,1.3770,8.8114,,,,,,,1.631746914,1.376739012,0.255007901,31.16443847,26.2940888,4.870349673
88,A,5.90,5.50,0.0685,0.0691,0.0696,0.1982,0.1988,0.1988,0.0691,0.1986,9.2152,1.9773,11.1925,8.8320,1.7601,10.5920,0.3511,0.1882,0.5320,1.897034124,1.561894689,0.335139435,39.5858433,32.59241235,6.99343095
,B,5.30,,0.0616,0.0617,0.0624,0.1830,0.1831,0.1837,0.0619,0.1833,8.5256,1.6540,10.1796,,,,,,,1.920687044,1.608611069,0.312075975,36.00354153,30.15363467,5.849906864
,C,5.30,,0.0660,0.0569,0.0661,0.1882,0.1880,0.1880,0.0630,0.1881,8.7552,1.6488,10.4040,,,,,,,1.963018365,1.651918994,0.311099371,36.79704794,30.96544764,5.831600292
89,A,4.90,5.07,0.0402,0.0402,0.0402,0.1210,0.1208,0.1206,0.0402,0.1208,5.6269,1.0343,6.6611,5.6545,0.9597,6.6141,0.0994,0.1321,0.2155,1.359417143,1.148337959,0.211079184,23.55925585,19.90116715,3.658088703
,B,5.00,,0.0405,0.0408,0.0415,0.1233,0.1238,0.1240,0.0409,0.1237,5.7647,1.0376,6.8023,,,,,,,1.360453333,1.152941867,0.207511467,24.05838108,20.38872934,3.669651741
,C,5.30,,0.0372,0.0374,0.0374,0.1192,0.1190,0.1189,0.0373,0.1190,5.5718,0.8071,6.3790,,,,,,,1.203578365,1.051286541,0.152291824,22.56124119,19.7065101,2.854731084
90,A,5.50,5.60,0.0656,0.0653,0.0655,0.1920,0.1914,0.1913,0.0655,0.1916,8.9026,1.7999,10.7026,8.5573,1.6507,10.2080,0.3871,0.1819,0.5685,1.94591903,1.618659879,0.327259152,37.85299097,31.48698215,6.366008818
,B,5.60,,0.0630,0.0630,0.0630,0.1857,0.1856,0.1855,0.0630,0.1856,8.6305,1.7041,10.3345,,,,,,,1.845452857,1.541152857,0.3043,36.55137582,30.52435453,6.027021292
,C,5.70,,0.0576,0.0577,0.0575,0.1749,0.1746,0.1743,0.0576,0.1746,8.1389,1.4481,9.5869,,,,,,,1.68192,1.427873684,0.254046316,33.90727877,28.78573955,5.121539223
91,A,5.00,5.10,0.0624,0.0619,0.0616,0.1860,0.1853,0.1848,0.0620,0.1854,8.6310,1.6132,10.2442,8.2471,1.4596,9.7067,0.4106,0.1365,0.5389,2.048836533,1.726203467,0.322633067,36.2318125,30.52633986,5.705472637
,B,4.90,,0.0550,0.0549,0.0547,0.1672,0.1688,0.1666,0.0549,0.1675,7.8143,1.3520,9.1663,,,,,,,1.870679184,1.59475102,0.275928163,32.41963642,27.63768834,4.78194808
,C,5.40,,0.0583,0.0580,0.0577,0.1783,0.1779,0.1772,0.0580,0.1778,8.2959,1.4136,9.7095,,,,,,,1.798053333,1.536275556,0.261777778,34.34069463,29.34104831,4.999646318
92,A,5.10,5.13,0.0574,0.0573,0.0571,0.1757,0.1753,0.1751,0.0573,0.1754,8.1816,1.3999,9.5815,8.0311,1.3632,9.3943,0.2740,0.1142,0.3863,1.878726797,1.604241046,0.274485752,33.88804791,28.93693617,4.95111174
,B,5.20,,0.0601,0.0570,0.0568,0.1777,0.1751,0.1747,0.0580,0.1758,8.1969,1.4546,9.6514,,,,,,,1.856039231,1.576317692,0.279721538,34.13526208,28.99077598,5.1444861
,C,5.10,,0.0531,0.0532,0.0528,0.1653,0.1652,0.1649,0.0530,0.1651,7.7149,1.2352,8.9501,,,,,,,1.754921046,1.51271817,0.242202876,31.65486784,27.28606729,4.368800547
93,A,4.90,4.87,0.0642,0.0594,0.0565,0.1694,0.1645,0.1618,0.0600,0.1652,7.6362,1.8843,9.5205,7.6457,1.5340,9.1797,0.1694,0.3057,0.3604,1.942953741,1.558407891,0.38454585,33.6721841,27.00784702,6.664337082
,B,4.70,,0.0531,0.0526,0.0528,0.1610,0.1601,0.1603,0.0528,0.1605,7.4813,1.3212,8.8025,,,,,,,1.872865532,1.59176766,0.281097872,31.13272972,26.46002688,4.672702837
,C,5.00,,0.0556,0.0552,0.0554,0.1682,0.1675,0.1676,0.0554,0.1678,7.8197,1.3964,9.2161,,,,,,,1.843228267,1.563939733,0.279288533,32.59581712,27.65685317,4.938963948
94,A,4.90,4.83,0.0399,0.0397,0.0396,0.1265,0.1264,0.1260,0.0397,0.1263,5.9105,0.8677,6.7782,6.0657,0.9588,7.0245,0.1977,0.1294,0.3267,1.383303401,1.206228027,0.177075374,23.9732145,20.90442574,3.068788758
,B,4.60,,0.0444,0.0443,0.0444,0.1349,0.1348,0.1349,0.0444,0.1349,6.2882,1.1069,7.3951,,,,,,,1.607629275,1.367007246,0.240622029,26.15510599,22.24033859,3.914767395
,C,5.00,,0.0407,0.0405,0.0405,0.1286,0.1281,0.1280,0.0406,0.1282,5.9983,0.9019,6.9002,,,,,,,1.3800392,1.19966,0.1803792,24.40473934,21.21489708,3.189842258
95,A,4.70,4.73,0.0234,0.0220,0.0203,0.0626,0.0615,0.0596,0.0219,0.0612,2.8340,0.6659,3.5000,2.8163,0.4866,3.3029,0.3010,0.3169,0.6016,0.744677163,0.602985816,0.141691348,12.37880267,10.02346089,2.355341775
,B,4.60,,0.0238,0.0235,0.0228,0.0675,0.0672,0.0663,0.0234,0.0670,3.1081,0.6732,3.7813,,,,,,,0.82201942,0.675664058,0.146355362,13.37373323,10.99262455,2.381108675
,C,4.90,,0.0135,0.0140,0.0146,0.0524,0.0527,0.0536,0.0140,0.0529,2.5068,0.1207,2.6275,,,,,,,0.536221769,0.511588844,0.024632925,9.292942869,8.866044187,0.426898682
96,A,5.30,5.23,0.0374,0.0372,0.0372,0.1073,0.1070,0.1070,0.0373,0.1071,4.9693,1.0683,6.0375,5.5806,1.0518,6.6325,0.7327,0.1900,0.8659,1.139154214,0.937597484,0.20155673,21.35360166,17.57539318,3.778208484
,B,5.10,,0.0369,0.0368,0.0370,0.1153,0.1150,0.1151,0.0369,0.1151,5.3798,0.8542,6.2340,,,,,,,1.222354248,1.054866144,0.167488105,22.04854873,19.02743628,3.021112447
,C,5.30,,0.0460,0.0461,0.0469,0.1380,0.1369,0.1373,0.0463,0.1374,6.3928,1.2331,7.6259,,,,,,,1.438847296,1.206188176,0.232659119,26.9713895,22.61016246,4.36122704
97,A,4.90,5.07,0.0483,0.0482,0.0481,0.1412,0.1409,0.1408,0.0482,0.1410,6.5508,1.3269,7.8777,6.4332,1.2688,7.7020,0.2558,0.1035,0.3590,1.607689252,1.336898503,0.270790748,27.86191318,23.16899861,4.692914574
,B,5.30,,0.0486,0.0485,0.0485,0.1424,0.1422,0.1420,0.0485,0.1422,6.6092,1.3303,7.9394,,,,,,,1.498006541,1.247013836,0.250992704,28.08033765,23.37544505,4.704892599
,C,5.00,,0.0436,0.0440,0.0447,0.1315,0.1318,0.1323,0.0441,0.1319,6.1397,1.1493,7.2890,,,,,,,1.457798667,1.227948533,0.229850133,25.77984485,21.71515409,4.064690764
98,A,5.10,5.07,0.0486,0.0485,0.0486,0.1434,0.1436,0.1435,0.0486,0.1435,6.6745,1.3042,7.9787,6.4059,1.1434,7.5494,0.3197,0.2316,0.5494,1.564459869,1.308726013,0.255733856,28.21937233,23.60650303,4.612869303
,B,5.10,,0.0470,0.0470,0.0470,0.1398,0.1394,0.1393,0.0470,0.1395,6.4910,1.2481,7.7391,,,,,,,1.517466667,1.272745098,0.244721569,27.3717196,22.95748744,4.414232157
,C,5.00,,0.0408,0.0406,0.0403,0.1296,0.1293,0.1290,0.0406,0.1293,6.0522,0.8780,6.9302,,,,,,,1.386046667,1.210446133,0.175600533,24.51097593,21.40564005,3.10533588
99,A,5.10,5.07,0.0450,0.0452,0.0448,0.1332,0.1331,0.1327,0.0450,0.1330,6.1863,1.2076,7.3939,6.1945,1.1396,7.3341,0.3590,0.2261,0.5795,1.449780392,1.212996078,0.236784314,26.15080993,21.87974818,4.271061753
,B,4.90,,0.0400,0.0395,0.0393,0.1254,0.1248,0.1244,0.0396,0.1249,5.8396,0.8874,6.7270,,,,,,,1.372859864,1.19176381,0.181096054,23.79222372,20.65375492,3.138468793
,C,5.20,,0.0481,0.0481,0.0484,0.1411,0.1411,0.1411,0.0482,0.1411,6.5575,1.3239,7.8814,,,,,,,1.51566,1.261066154,0.254593846,27.87519276,23.19284148,4.682351277
100,A,4.20,4.43,0.0372,0.0378,0.0384,0.1061,0.1066,0.1074,0.0378,0.1067,4.9427,1.1268,6.0695,4.9425,1.3053,6.2478,0.0887,0.1958,0.2597,1.445118095,1.176824762,0.268293333,21.46670439,17.48130438,3.985400014
,B,4.50,,0.0444,0.0430,0.0406,0.1116,0.1096,0.1076,0.0427,0.1096,5.0311,1.5147,6.5457,,,,,,,1.454610963,1.11801837,0.336592593,23.15112589,17.79402513,5.357100752
,C,4.60,,0.0414,0.0389,0.0368,0.1076,0.1051,0.1030,0.0390,0.1052,4.8538,1.2744,6.1282,,,,,,,1.332215942,1.055164928,0.277051014,21.67430619,17.16686237,4.507443824
,,,,,,,,,,,,,,,,,,,,,,,,,,
,,,,,,,,,,,,,,,,,,,,,,,,,,
,,,,,,,,,,,,,,,,,,,,,,,,,,
,,,,,,,,,,,,,,,,,,,,,,,,,,
,,,,,,,,,,,,,,,,,,,,,,,,,,
,,,,,,,,,,,,,,,,,,,,,,,,,,
,,,,,,,,,,,,,,,,,,,,,,,,,,
,,,,,,,,,,,,,,,,,,,,,,,,,,
,,,,,,,,,,,,,,,,,,,,,,,,,,