,Leaf No.,Spot,Total Chlorophyll (µg/mg),Chlorophyll a (µg/mg),Chlorophyll b (µg/mg),Total Chlorophyll (µg/cm2),Chlorophyll a (µg/cm2),Chlorophyll b (µg/cm2),Avg Total Chlorophyll (µg/cm2),Avg Chlorophyll a (µg/cm2),Avg Chlorophyll b (µg/cm2),Avg Total Chlorophyll (µg/mg),Avg Chlorophyll a (µg/mg),Avg Chlorophyll b (µg/mg)
0,1,A,2.176596478,1.616285031,0.560311447,40.8005989,30.29748414,10.50311476,38.768358836666664,30.16507824,8.603280596333333,2.0552456326666664,1.5989053293333333,0.456340303
1,1,B,1.932222642,1.540151698,0.392070943,36.21977789,28.87035439,7.349423499,38.768358836666664,30.16507824,8.603280596333333,2.0552456326666664,1.5989053293333333,0.456340303
2,1,C,2.056917778,1.640279259,0.416638519,39.28469972,31.32739619,7.95730353,38.768358836666664,30.16507824,8.603280596333333,2.0552456326666664,1.5989053293333333,0.456340303
3,2,A,3.62484881,2.900876905,0.723971905,71.79441654,57.45529697,14.33911957,71.40923659666667,57.22184496,14.187391636666666,3.5037013066666667,2.8075385409999996,0.6961627656666667
4,2,B,3.313096949,2.657181017,0.655915932,69.1351489,55.4480017,13.6871472,71.40923659666667,57.22184496,14.187391636666666,3.5037013066666667,2.8075385409999996,0.6961627656666667
5,2,C,3.573158161,2.864557701,0.70860046,73.29814435,58.76223621,14.53590814,71.40923659666667,57.22184496,14.187391636666666,3.5037013066666667,2.8075385409999996,0.6961627656666667
6,3,A,3.189856,2.576532364,0.613323636,62.05067553,50.11999717,11.93067836,63.859104163333335,51.47874686666666,12.380357296666668,3.1331531726666664,2.5258988876666666,0.6072542846666668
7,3,B,3.176298851,2.563055632,0.613243218,65.15715263,52.57735965,12.57979298,63.859104163333335,51.47874686666666,12.380357296666668,3.1331531726666664,2.5258988876666666,0.6072542846666668
8,3,C,3.033304667,2.438108667,0.595196,64.36948433,51.73888378,12.63060055,63.859104163333335,51.47874686666666,12.380357296666668,3.1331531726666664,2.5258988876666666,0.6072542846666668
9,4,A,2.849103958,2.259286042,0.589817917,64.49128292,51.14037868,13.35090425,58.83652668666667,46.99262141333333,11.843905276666666,2.586724917,2.0662364056666664,0.520488512
10,4,B,2.441024444,1.940948889,0.500075556,56.98083516,45.30757115,11.67326401,58.83652668666667,46.99262141333333,11.843905276666666,2.586724917,2.0662364056666664,0.520488512
11,4,C,2.470046349,1.998474286,0.471572063,55.03746198,44.52991441,10.50754757,58.83652668666667,46.99262141333333,11.843905276666666,2.586724917,2.0662364056666664,0.520488512
12,5,A,2.470598824,1.889024706,0.581574118,59.41880173,45.43173233,13.98706939,60.819726016666664,46.40551272,14.414213293333333,2.7278180420000004,2.08114233,0.6466757116666666
13,5,B,2.75645875,2.10197125,0.6544875,62.39419962,47.57945816,14.81474146,60.819726016666664,46.40551272,14.414213293333333,2.7278180420000004,2.08114233,0.6466757116666666
14,5,C,2.956396552,2.252431034,0.703965517,60.6461767,46.20534767,14.44082903,60.819726016666664,46.40551272,14.414213293333333,2.7278180420000004,2.08114233,0.6466757116666666
15,6,A,2.397028458,1.917994826,0.479033632,56.80162222,45.45011436,11.35150786,50.814208576666665,40.674131710000005,10.140076865666666,2.231727498333333,1.7861140383333334,0.4456134603333333
16,6,B,2.056994256,1.659820513,0.397173744,47.28889675,38.15814293,9.130753814,50.814208576666665,40.674131710000005,10.140076865666666,2.231727498333333,1.7861140383333334,0.4456134603333333
17,6,C,2.241159781,1.780526776,0.460633005,48.35210676,38.41413784,9.937968923,50.814208576666665,40.674131710000005,10.140076865666666,2.231727498333333,1.7861140383333334,0.4456134603333333
18,7,A,2.979813125,2.359406875,0.62040625,67.44996817,53.40667751,14.04329066,66.93767025666666,52.028748830000005,14.90892143,3.123277961,2.425593686333333,0.697684275
19,7,B,3.165289425,2.363118851,0.802170575,64.93131027,48.47594728,16.455363,66.93767025666666,52.028748830000005,14.90892143,3.123277961,2.425593686333333,0.697684275
20,7,C,3.224731333,2.554255333,0.670476,68.43173233,54.2036217,14.22811063,66.93767025666666,52.028748830000005,14.90892143,3.123277961,2.425593686333333,0.697684275
21,8,A,3.390937778,2.711536425,0.679401353,82.75260192,66.17245998,16.58014194,81.5243058,64.79048988999999,16.73381591,3.4243624323333335,2.7212444516666667,0.7031179803333334
22,8,B,3.573257778,2.827314343,0.745943434,83.41055858,65.99800052,17.41255806,81.5243058,64.79048988999999,16.73381591,3.4243624323333335,2.7212444516666667,0.7031179803333334
23,8,C,3.308891741,2.624882587,0.684009154,78.4097569,62.20100917,16.20874773,81.5243058,64.79048988999999,16.73381591,3.4243624323333335,2.7212444516666667,0.7031179803333334
25,9,B,2.877677874,2.307509372,0.570168502,70.22698357,56.31256514,13.91441843,72.42418948,58.00099267,14.423196815,3.0617968855,2.4519536605,0.6098432255
26,9,C,3.245915897,2.596397949,0.649517949,74.62139539,59.6894202,14.9319752,72.42418948,58.00099267,14.423196815,3.0617968855,2.4519536605,0.6098432255
27,10,A,1.991079614,1.609124444,0.381955169,48.59039872,39.26914716,9.321251562,44.169886743333336,35.969246973333334,8.200639771,1.859742263,1.5148246343333334,0.34491762833333334
28,10,B,2.021876816,1.635522587,0.386354229,47.91177289,38.75645941,9.15531348,44.169886743333336,35.969246973333334,8.200639771,1.859742263,1.5148246343333334,0.34491762833333334
29,10,C,1.566270359,1.299826872,0.266443487,36.00748862,29.88213435,6.125354271,44.169886743333336,35.969246973333334,8.200639771,1.859742263,1.5148246343333334,0.34491762833333334
30,11,A,1.093841111,0.781550889,0.312290222,23.21230341,16.58522082,6.627082596,20.28692242,15.511639276666669,4.775283141666667,0.9873573693333334,0.7559431666666666,0.231414203
31,11,B,0.923640452,0.733612429,0.190028023,19.27381576,15.30845771,3.965358044,20.28692242,15.511639276666669,4.775283141666667,0.9873573693333334,0.7559431666666666,0.231414203
32,11,C,0.944590545,0.752666182,0.191924364,18.37464809,14.6412393,3.733408785,20.28692242,15.511639276666669,4.775283141666667,0.9873573693333334,0.7559431666666666,0.231414203
33,12,A,2.933389727,2.314054208,0.619335519,63.28668506,49.92477423,13.36191083,61.64959248,48.762215776666665,12.887376706666666,2.9217398093333333,2.3109902073333335,0.6107496023333333
34,12,B,2.870638667,2.278204,0.592434667,60.91756384,48.34556129,12.57200255,61.64959248,48.762215776666665,12.887376706666666,2.9217398093333333,2.3109902073333335,0.6107496023333333
35,12,C,2.961191034,2.340712414,0.620478621,60.74452854,48.01631181,12.72821674,61.64959248,48.762215776666665,12.887376706666666,2.9217398093333333,2.3109902073333335,0.6107496023333333
36,13,A,1.990615309,1.590279506,0.400335802,38.01840089,30.37245998,7.645940912,36.97672773666667,29.666058336666666,7.310669401999999,1.9247529383333335,1.5441817416666666,0.38057119633333336
37,13,B,1.949619506,1.566267901,0.383351605,37.23542949,29.91386669,7.321562802,36.97672773666667,29.666058336666666,7.310669401999999,1.9247529383333335,1.5441817416666666,0.38057119633333336
38,13,C,1.834024,1.475997818,0.358026182,35.67635283,28.71184834,6.964504492,36.97672773666667,29.666058336666666,7.310669401999999,1.9247529383333335,1.5441817416666666,0.38057119633333336
39,14,A,1.651155077,1.323781538,0.327373538,37.95893047,30.43283582,7.526094645,35.73444939666666,28.636624146666666,7.097825249666666,1.6741014516666668,1.3418092113333333,0.3322922396666667
40,14,B,1.728076066,1.377539672,0.350536393,37.28253519,29.7198557,7.562679494,35.73444939666666,28.636624146666666,7.097825249666666,1.6741014516666668,1.3418092113333333,0.3322922396666667
41,14,C,1.643073212,1.324106424,0.318966788,31.96188253,25.75718092,6.20470161,35.73444939666666,28.636624146666666,7.097825249666666,1.6741014516666668,1.3418092113333333,0.3322922396666667
42,15,A,3.119009953,2.399038498,0.719971455,78.32273703,60.24323878,18.07949824,73.11829635666666,58.28455668,14.833739673333334,3.0052591776666664,2.397433793,0.6078253846666667
43,15,B,2.707552121,2.228535152,0.47901697,63.20239089,52.02069746,11.18169343,73.11829635666666,58.28455668,14.833739673333334,3.0052591776666664,2.397433793,0.6078253846666667
44,15,C,3.189215459,2.564727729,0.624487729,77.82976115,62.5897338,15.24002735,73.11829635666666,58.28455668,14.833739673333334,3.0052591776666664,2.397433793,0.6078253846666667
45,16,A,2.149232903,1.711794194,0.43743871,47.12896654,37.53669095,9.592275589,42.567590169999995,34.225317329999996,8.342272838333335,1.9401389163333331,1.5592336033333334,0.3809053136666667
46,16,B,1.508668513,1.244069949,0.264598564,34.68326142,28.60032067,6.082940747,42.567590169999995,34.225317329999996,8.342272838333335,1.9401389163333331,1.5592336033333334,0.3809053136666667
47,16,C,2.162515333,1.721836667,0.440678667,45.89054255,36.53894037,9.351602179,42.567590169999995,34.225317329999996,8.342272838333335,1.9401389163333331,1.5592336033333334,0.3809053136666667
49,17,B,0.862935673,0.711015205,0.151920468,17.39666596,14.33396996,3.062695999,19.192195419999997,15.533361629999998,3.6588337935,0.970928685,0.7856002085,0.1853284765
50,17,C,1.078921697,0.860185212,0.218736485,20.98772488,16.7327533,4.254971588,19.192195419999997,15.533361629999998,3.6588337935,0.970928685,0.7856002085,0.1853284765
51,18,A,2.961522557,2.32482484,0.636697717,76.46287991,60.02412582,16.4387541,76.18880164333332,59.95919769333333,16.229603953333335,3.0506823493333335,2.4009319569999996,0.6497503923333333
52,18,B,3.058473148,2.409926852,0.648546296,77.88429888,61.36900804,16.51529084,76.18880164333332,59.95919769333333,16.229603953333335,3.0506823493333335,2.4009319569999996,0.6497503923333333
53,18,C,3.132051343,2.468044179,0.664007164,74.21922614,58.48445922,15.73476692,76.18880164333332,59.95919769333333,16.229603953333335,3.0506823493333335,2.4009319569999996,0.6497503923333333
54,19,A,3.186682807,2.516480702,0.670202105,64.24309259,50.73190917,13.51118342,65.37167558666668,51.724360819999994,13.64731477,3.2237748566666666,2.5507436836666666,0.673031173
55,19,B,3.230126207,2.559203448,0.670922759,66.26134258,52.4983377,13.76300488,65.37167558666668,51.724360819999994,13.64731477,3.2237748566666666,2.5507436836666666,0.673031173
56,19,C,3.254515556,2.576546901,0.677968655,65.61059159,51.94283559,13.66775601,65.37167558666668,51.724360819999994,13.64731477,3.2237748566666666,2.5507436836666666,0.673031173
57,20,A,0.545627778,0.455406889,0.090220889,11.57871779,9.664148452,1.914569333,13.009980116666666,10.816215918333333,2.193764196333333,0.617496172,0.5132804156666667,0.10421575666666666
58,20,B,0.796057627,0.645168136,0.150889492,16.61151588,13.46287048,3.148645399,13.009980116666666,10.816215918333333,2.193764196333333,0.617496172,0.5132804156666667,0.10421575666666666
59,20,C,0.510803111,0.439266222,0.071536889,10.83970668,9.321628823,1.518077857,13.009980116666666,10.816215918333333,2.193764196333333,0.617496172,0.5132804156666667,0.10421575666666666
60,21,A,1.87761581,1.570018476,0.307597333,46.4855014,38.87009031,7.615411096,56.75211462333334,45.88744587,10.864668758666667,2.3178317786666667,1.8739026966666668,0.4439290816666666
61,21,B,2.466437934,1.965498967,0.500938967,61.93573365,49.35644998,12.57928368,56.75211462333334,45.88744587,10.864668758666667,2.3178317786666667,1.8739026966666668,0.4439290816666666
62,21,C,2.609441592,2.086190647,0.523250945,61.83510882,49.43579732,12.3993115,56.75211462333334,45.88744587,10.864668758666667,2.3178317786666667,1.8739026966666668,0.4439290816666666
63,22,A,0.923872,0.748565333,0.175306667,19.60540426,15.88523732,3.720166938,16.24644707,13.376961951666667,2.869485118,0.7791344583333334,0.6419006683333334,0.13723379
64,22,B,0.901002486,0.727678192,0.173324294,18.80142416,15.18462663,3.616797529,16.24644707,13.376961951666667,2.869485118,0.7791344583333334,0.6419006683333334,0.13723379
65,22,C,0.512528889,0.44945848,0.063070409,10.33251279,9.061021905,1.271490887,16.24644707,13.376961951666667,2.869485118,0.7791344583333334,0.6419006683333334,0.13723379
66,23,A,3.59091358,2.806502716,0.784410864,68.58220745,53.60088656,14.98132088,68.32959374,53.54354294666666,14.786050789999999,3.4786846186666662,2.7256548326666667,0.7530297859999999
67,23,B,3.637465926,2.84827037,0.789195556,69.47130226,54.39859942,15.07270284,68.32959374,53.54354294666666,14.786050789999999,3.4786846186666662,2.7256548326666667,0.7530297859999999
68,23,C,3.20767435,2.522191412,0.685482938,66.93527151,52.63114286,14.30412865,68.32959374,53.54354294666666,14.786050789999999,3.4786846186666662,2.7256548326666667,0.7530297859999999
69,24,A,2.660608817,2.143788602,0.516820215,58.34255736,47.00958242,11.33297494,54.51767387666666,44.07335204,10.444321834666667,2.5876871263333334,2.091735733,0.49595139333333327
70,24,B,2.210756889,1.811077778,0.399679111,46.91427224,38.43271793,8.481554314,54.51767387666666,44.07335204,10.444321834666667,2.5876871263333334,2.091735733,0.49595139333333327
71,24,C,2.891695673,2.320340819,0.571354854,58.29619203,46.77775577,11.51843625,54.51767387666666,44.07335204,10.444321834666667,2.5876871263333334,2.091735733,0.49595139333333327
72,25,A,3.364217354,2.702048042,0.662169312,74.96134022,60.2069133,14.75442692,72.63928697666667,58.48314824,14.156138740000001,3.3152808846666666,2.669238936333333,0.646041948
73,25,B,3.175874792,2.560455208,0.615419583,71.88794888,57.9575346,13.93041428,72.63928697666667,58.48314824,14.156138740000001,3.3152808846666666,2.669238936333333,0.646041948
74,25,C,3.405750508,2.745213559,0.660536949,71.06857183,57.28499682,13.78357502,72.63928697666667,58.48314824,14.156138740000001,3.3152808846666666,2.669238936333333,0.646041948
75,26,A,2.626400625,2.135119375,0.49128125,59.45025111,48.32978708,11.12046403,61.189856405,49.29876211,11.891094290000002,2.847051692,2.292792446,0.5542592454999999
77,26,C,3.067702759,2.450465517,0.617237241,62.9294617,50.26773714,12.66172455,61.189856405,49.29876211,11.891094290000002,2.847051692,2.292792446,0.5542592454999999
78,27,A,2.87896199,2.334974726,0.543987264,68.22184811,55.33115465,12.89069345,65.13233359333333,52.97234679333334,12.159986796666667,2.7897111550000004,2.2688987993333334,0.5208123556666667
79,27,B,2.776290667,2.254897026,0.521393641,63.82503124,51.8385466,11.98648464,65.13233359333333,52.97234679333334,12.159986796666667,2.7897111550000004,2.2688987993333334,0.5208123556666667
80,27,C,2.713880808,2.216824646,0.497056162,63.35012143,51.74733913,11.6027823,65.13233359333333,52.97234679333334,12.159986796666667,2.7897111550000004,2.2688987993333334,0.5208123556666667
81,28,A,2.096263673,1.694351837,0.401911837,36.32910801,29.36381128,6.965296739,34.839382863333334,27.859143463333336,6.980239403333333,2.037627428,1.6292532973333334,0.408374131
82,28,B,1.9880375,1.586015833,0.402021667,33.75037137,26.92535899,6.825012379,34.839382863333334,27.859143463333336,6.980239403333333,2.037627428,1.6292532973333334,0.408374131
83,28,C,2.028581111,1.607392222,0.421188889,34.43866921,27.28826012,7.150409092,34.839382863333334,27.859143463333336,6.980239403333333,2.037627428,1.6292532973333334,0.408374131
84,29,A,3.124819361,2.498606393,0.626212968,80.67900309,64.51095235,16.16805074,79.25833077666667,63.45837951000001,15.799951270000001,3.203299620333334,2.5648068216666666,0.6384927986666667
85,29,B,3.29728549,2.64277098,0.65451451,79.30091721,63.55960482,15.7413124,79.25833077666667,63.45837951000001,15.799951270000001,3.203299620333334,2.5648068216666666,0.6384927986666667
86,29,C,3.18779401,2.553043092,0.634750918,77.79507203,62.30458136,15.49049067,79.25833077666667,63.45837951000001,15.799951270000001,3.203299620333334,2.5648068216666666,0.6384927986666667
87,30,A,3.23363082,2.597451148,0.636179672,69.76426399,56.03894744,13.72531655,69.28109059666667,55.703842556666665,13.57724804,3.283552571,2.6400917010000002,0.6434608700000001
88,30,B,3.315387345,2.656843164,0.658544181,69.1829431,55.44095164,13.74199146,69.28109059666667,55.703842556666665,13.57724804,3.283552571,2.6400917010000002,0.6434608700000001
89,30,C,3.301639548,2.665980791,0.635658757,68.8960647,55.63162859,13.26443611,69.28109059666667,55.703842556666665,13.57724804,3.283552571,2.6400917010000002,0.6434608700000001
90,31,A,1.151729867,0.823348533,0.328381333,20.36729622,14.56017071,5.80712551,19.582672733333332,14.996280840000002,4.586391895333333,1.0670916523333334,0.8160986593333334,0.2509929926666667
91,31,B,0.970654321,0.768379753,0.202274568,18.5383509,14.6751456,3.863205301,19.582672733333332,14.996280840000002,4.586391895333333,1.0670916523333334,0.8160986593333334,0.2509929926666667
92,31,C,1.078890769,0.856567692,0.222323077,19.84237108,15.75352621,4.088844875,19.582672733333332,14.996280840000002,4.586391895333333,1.0670916523333334,0.8160986593333334,0.2509929926666667
93,32,A,2.51586819,1.999560381,0.51630781,62.28718021,49.50457193,12.78260829,62.72111009,49.93079625666667,12.790313836666668,2.5579571583333336,2.036345119,0.5216120396666667
94,32,B,2.57856657,2.055858937,0.522707633,62.9274575,50.17127632,12.75618118,62.72111009,49.93079625666667,12.790313836666668,2.5579571583333336,2.036345119,0.5216120396666667
95,32,C,2.579436715,2.053616039,0.525820676,62.94869256,50.11654052,12.83215204,62.72111009,49.93079625666667,12.790313836666668,2.5579571583333336,2.036345119,0.5216120396666667
96,33,A,2.637491754,2.089868246,0.547623509,70.89530075,56.17528,14.72002075,66.17525484666668,52.405679346666666,13.769575503333334,2.5071222026666664,1.9853350293333332,0.5217871736666666
97,33,B,2.578028889,2.035233333,0.542795556,65.64974181,51.82740327,13.82233854,66.17525484666668,52.405679346666666,13.769575503333334,2.5071222026666664,1.9853350293333332,0.5217871736666666
98,33,C,2.305845965,1.830903509,0.474942456,61.98072198,49.21435477,12.76636722,66.17525484666668,52.405679346666666,13.769575503333334,2.5071222026666664,1.9853350293333332,0.5217871736666666
99,34,A,2.663971144,2.120611542,0.543359602,63.1272783,50.25145835,12.87581995,59.75294459666667,47.92606320666667,11.826881391,2.4385371069999997,1.9561044003333332,0.4824327066666667
100,34,B,2.189244251,1.79901314,0.390231111,53.42641767,43.90319964,9.523218033,59.75294459666667,47.92606320666667,11.826881391,2.4385371069999997,1.9561044003333332,0.4824327066666667
101,34,C,2.462395926,1.948688519,0.513707407,62.70513782,49.62353163,13.08160619,59.75294459666667,47.92606320666667,11.826881391,2.4385371069999997,1.9561044003333332,0.4824327066666667
102,35,A,0.521237229,0.431880693,0.089356537,14.19511448,11.76162316,2.433491311,14.063178576666667,11.667127236666666,2.396051339,0.553468405,0.45918512466666667,0.09428328100000001
103,35,B,0.548835619,0.456540381,0.092295238,13.58792294,11.30290255,2.285020396,14.063178576666667,11.667127236666666,2.396051339,0.553468405,0.45918512466666667,0.09428328100000001
104,35,C,0.590332367,0.4891343,0.101198068,14.40649831,11.936856,2.46964231,14.063178576666667,11.667127236666666,2.396051339,0.553468405,0.45918512466666667,0.09428328100000001
105,36,A,1.175835926,0.922350741,0.253485185,29.94276956,23.4877461,6.455023461,29.857922079999998,23.40350537666667,6.4544166999999995,1.194256515,0.9360615963333334,0.25819491899999997
106,36,B,1.261130141,0.990705352,0.270424789,31.66875575,24.87800806,6.790747683,29.857922079999998,23.40350537666667,6.4544166999999995,1.194256515,0.9360615963333334,0.25819491899999997
107,36,C,1.145803478,0.895128696,0.250674783,27.96224093,21.84476197,6.117478956,29.857922079999998,23.40350537666667,6.4544166999999995,1.194256515,0.9360615963333334,0.25819491899999997
108,37,A,2.182922407,1.714570926,0.468351481,55.58831907,43.66170569,11.92661338,54.23312159666667,42.77621654666667,11.456905046666668,2.1597228446666663,1.7035330153333332,0.45618982933333335
109,37,B,2.108541784,1.66534892,0.443192864,52.94845677,41.81925915,11.12919761,54.23312159666667,42.77621654666667,11.456905046666668,2.1597228446666663,1.7035330153333332,0.45618982933333335
110,37,C,2.187704343,1.7306792,0.457025143,54.16258895,42.8476848,11.31490415,54.23312159666667,42.77621654666667,11.456905046666668,2.1597228446666663,1.7035330153333332,0.45618982933333335
111,38,A,3.805596402,2.931063915,0.874532487,84.79612836,65.30983471,19.48629365,86.98168556666667,66.92472550333333,20.05696006666667,4.035430545333333,3.1048802966666664,0.9305502486666667
112,38,B,4.151230601,3.190419235,0.960811366,89.56110443,68.8319917,20.72911273,86.98168556666667,66.92472550333333,20.05696006666667,4.035430545333333,3.1048802966666664,0.9305502486666667
113,38,C,4.149464633,3.19315774,0.956306893,86.58782391,66.6323501,19.95547382,86.98168556666667,66.92472550333333,20.05696006666667,4.035430545333333,3.1048802966666664,0.9305502486666667
114,39,A,3.237665455,2.576443636,0.661221818,62.98068897,50.1182712,12.86241777,60.984859273333335,48.559249566666665,12.425609706666668,3.175888271333333,2.5287980556666665,0.6470902153333333
115,39,B,3.256447692,2.593090769,0.663356923,59.89081135,47.69071232,12.20009903,60.984859273333335,48.559249566666665,12.425609706666668,3.175888271333333,2.5287980556666665,0.6470902153333333
116,39,C,3.033551667,2.416859762,0.616691905,60.0830775,47.86876518,12.21431232,60.984859273333335,48.559249566666665,12.425609706666668,3.175888271333333,2.5287980556666665,0.6470902153333333
117,40,A,4.041455593,3.081115254,0.960340339,84.33397468,64.29433402,20.03964066,84.40628610666666,64.28796774333333,20.118318363333334,4.268076062,3.250698911666667,1.01737715
118,40,B,4.3154,3.2846,1.0308,83.94532079,63.89368324,20.05163755,84.40628610666666,64.28796774333333,20.118318363333334,4.268076062,3.250698911666667,1.01737715
119,40,C,4.447372593,3.386381481,1.060991111,84.93956285,64.67588597,20.26367688,84.40628610666666,64.28796774333333,20.118318363333334,4.268076062,3.250698911666667,1.01737715
120,41,A,3.655457857,2.766416429,0.889041429,72.40066492,54.79214826,17.60851666,66.09468455666666,50.527587966666665,15.56709659,3.525197144333333,2.6956612686666666,0.8295358756666666
121,41,B,3.552903946,2.72897034,0.823933605,61.57328052,47.29417368,14.27910684,66.09468455666666,50.527587966666665,15.56709659,3.525197144333333,2.6956612686666666,0.8295358756666666
122,41,C,3.36722963,2.591597037,0.775632593,64.31010823,49.49644196,14.81366627,66.09468455666666,50.527587966666665,15.56709659,3.525197144333333,2.6956612686666666,0.8295358756666666
123,42,A,3.024620819,2.384883743,0.639737076,60.97594492,48.07893235,12.89701257,60.77093364,47.902759503333336,12.868174136666667,3.0502773363333335,2.4043803746666668,0.645896962
124,42,B,3.042565238,2.400223333,0.642341905,60.26160194,47.53926104,12.7223409,60.77093364,47.902759503333336,12.868174136666667,3.0502773363333335,2.4043803746666668,0.645896962
125,42,C,3.083645952,2.428034048,0.655611905,61.07525406,48.09008512,12.98516894,60.77093364,47.902759503333336,12.868174136666667,3.0502773363333335,2.4043803746666668,0.645896962
126,43,A,2.662787282,2.11816041,0.544626872,61.21566575,48.69506496,12.52060079,62.19241077666667,49.35299018333333,12.839420593333331,3.0180108833333334,2.394595696666667,0.6234151866666667
127,43,B,3.284564198,2.599738025,0.684826173,62.73129613,49.65192521,13.07937092,62.19241077666667,49.35299018333333,12.839420593333331,3.0180108833333334,2.394595696666667,0.6234151866666667
128,43,C,3.10668117,2.465888655,0.640792515,62.63027045,49.71198038,12.91829007,62.19241077666667,49.35299018333333,12.839420593333331,3.0180108833333334,2.394595696666667,0.6234151866666667
129,44,A,3.505684533,2.690936267,0.814748267,61.99484568,47.58676287,14.40808281,61.22425628666667,47.057538533333336,14.166717756666666,3.582510524,2.7535854873333334,0.828925037
130,44,B,3.576497872,2.746729362,0.829768511,59.45228832,45.65900828,13.79328005,61.22425628666667,47.057538533333336,14.166717756666666,3.582510524,2.7535854873333334,0.828925037
131,44,C,3.665349167,2.823090833,0.842258333,62.22563486,47.92684445,14.29879041,61.22425628666667,47.057538533333336,14.166717756666666,3.582510524,2.7535854873333334,0.828925037
132,45,A,2.650662295,2.124944262,0.525718033,57.18695621,45.84480441,11.3421518,50.78032743,41.145710623333336,9.634616805,2.4419063183333334,1.979213399,0.46269291966666665
133,45,B,2.560263678,2.060878391,0.499385287,52.52008677,42.2759237,10.24416307,50.78032743,41.145710623333336,9.634616805,2.4419063183333334,1.979213399,0.46269291966666665
134,45,C,2.114792982,1.751817544,0.362975439,42.63393931,35.31640376,7.317535545,50.78032743,41.145710623333336,9.634616805,2.4419063183333334,1.979213399,0.46269291966666665
135,46,A,3.626652593,2.819131111,0.807521481,69.26478036,53.84207399,15.42270637,68.27303922666667,53.23151383666667,15.041525389999999,3.6201272523333334,2.8225877333333336,0.7975395186666666
136,46,B,3.677520769,2.869433077,0.808087692,67.63495791,52.77304944,14.86190847,68.27303922666667,53.23151383666667,15.041525389999999,3.6201272523333334,2.8225877333333336,0.7975395186666666
137,46,C,3.556208395,2.779199012,0.777009383,67.91937941,53.07941808,14.83996133,68.27303922666667,53.23151383666667,15.041525389999999,3.6201272523333334,2.8225877333333336,0.7975395186666666
138,47,A,1.73176,1.365904,0.365856,30.62460211,24.15477117,6.46983094,31.063893800000002,24.633958173333337,6.429935629999999,1.7686376196666667,1.402715478,0.36592214166666664
139,47,B,1.780940915,1.409107712,0.371833203,32.12420834,25.41716536,6.707042984,31.063893800000002,24.633958173333337,6.429935629999999,1.7686376196666667,1.402715478,0.36592214166666664
140,47,C,1.793211944,1.433134722,0.360077222,30.44287095,24.32993799,6.112932966,31.063893800000002,24.633958173333337,6.429935629999999,1.7686376196666667,1.402715478,0.36592214166666664
141,48,A,0.867674,0.718555333,0.149118667,18.41283158,15.24839782,3.164433755,16.75881414666667,13.937825876666665,2.820988265333334,0.8150912183333333,0.6780353410000001,0.13705587766666666
142,48,B,0.872796322,0.719634023,0.153162299,17.90414751,14.76224564,3.141901865,16.75881414666667,13.937825876666665,2.820988265333334,0.8150912183333333,0.6780353410000001,0.13705587766666666
143,48,C,0.704803333,0.595916667,0.108886667,13.95946335,11.80283417,2.156629176,16.75881414666667,13.937825876666665,2.820988265333334,0.8150912183333333,0.6780353410000001,0.13705587766666666
144,49,A,3.05037291,2.439455661,0.610917249,67.96827238,54.35584164,13.61243074,67.45947513333333,54.01806606666667,13.44140907,3.0601108106666666,2.450503744,0.6096070663333334
145,49,B,3.051867937,2.435471746,0.61639619,68.00158449,54.26707222,13.73451227,67.45947513333333,54.01806606666667,13.44140907,3.0601108106666666,2.450503744,0.6096070663333334
146,49,C,3.078091585,2.476583825,0.60150776,66.40856853,53.43128434,12.9772842,67.45947513333333,54.01806606666667,13.44140907,3.0601108106666666,2.450503744,0.6096070663333334
147,50,A,3.335865111,2.626012222,0.709852889,70.79009219,55.72636816,15.06372403,69.69720905666667,54.96516627,14.732042786666668,3.3211853196666667,2.6192063336666664,0.7019789853333332
148,50,B,3.298042938,2.603451299,0.694591638,68.82101342,54.32681144,14.49420198,69.69720905666667,54.96516627,14.732042786666668,3.3211853196666667,2.6192063336666664,0.7019789853333332
149,50,C,3.32964791,2.62815548,0.701492429,69.48052156,54.84231921,14.63820235,69.69720905666667,54.96516627,14.732042786666668,3.3211853196666667,2.6192063336666664,0.7019789853333332
150,51,A,3.658974872,2.863400513,0.795574359,67.29387187,52.66210181,14.63177006,59.84200325333334,47.39259154333334,12.44941171,3.520941854666667,2.7899655463333333,0.7309763083333333
151,51,B,3.325932766,2.65214383,0.673788936,55.28713306,44.08670864,11.20042442,59.84200325333334,47.39259154333334,12.44941171,3.520941854666667,2.7899655463333333,0.7309763083333333
152,51,C,3.577917926,2.854352296,0.72356563,56.94500483,45.42896418,11.51604065,59.84200325333334,47.39259154333334,12.44941171,3.520941854666667,2.7899655463333333,0.7309763083333333
153,52,A,2.84097503,2.280479515,0.560495515,55.26406828,44.36102898,10.90303931,52.92600818666667,42.738531673333334,10.187476521999999,2.7798590520000004,2.2444609476666666,0.535398104
154,52,B,3.249252308,2.606427692,0.642824615,59.75847775,47.93599774,11.82248002,52.92600818666667,42.738531673333334,10.187476521999999,2.7798590520000004,2.2444609476666666,0.535398104
155,52,C,2.249349818,1.846475636,0.402874182,43.75547853,35.9185683,7.836910236,52.92600818666667,42.738531673333334,10.187476521999999,2.7798590520000004,2.2444609476666666,0.535398104
156,53,A,2.857578857,2.235751429,0.621827429,70.74715993,55.35212563,15.39503431,72.59048674333333,56.903540746666664,15.686945996666665,2.974936882666667,2.332058271,0.6428786116666667
157,53,B,3.124744928,2.455823188,0.668921739,76.25641933,59.93202235,16.32439697,72.59048674333333,56.903540746666664,15.686945996666665,2.974936882666667,2.332058271,0.6428786116666667
158,53,C,2.942486863,2.304600196,0.637886667,70.76788097,55.42647426,15.34140671,72.59048674333333,56.903540746666664,15.686945996666665,2.974936882666667,2.332058271,0.6428786116666667
159,54,A,2.303501918,1.826032329,0.477469589,59.47359411,47.14591497,12.32767914,59.84593304999999,47.325357413333336,12.520575636666669,2.350508915333333,1.8587376073333335,0.49177130799999996
160,54,B,2.388254272,1.890208826,0.498045446,59.97243168,47.4658084,12.50662328,59.84593304999999,47.325357413333336,12.520575636666669,2.350508915333333,1.8587376073333335,0.49177130799999996
161,54,C,2.359770556,1.859971667,0.499798889,60.09177336,47.36434887,12.72742449,59.84593304999999,47.325357413333336,12.520575636666669,2.350508915333333,1.8587376073333335,0.49177130799999996
162,55,A,1.971436952,1.556179048,0.415257905,48.80829973,38.5274575,10.28084223,48.69594051666667,38.55478217,10.141158343333332,1.9763995010000002,1.5648064063333331,0.41159309499999996
163,55,B,1.995188599,1.579971981,0.415216618,48.69067459,38.55770908,10.1329655,48.69594051666667,38.55478217,10.141158343333332,1.9763995010000002,1.5648064063333331,0.41159309499999996
164,55,C,1.962572952,1.55826819,0.404304762,48.58884723,38.57917993,10.0096673,48.69594051666667,38.55478217,10.141158343333332,1.9763995010000002,1.5648064063333331,0.41159309499999996
165,56,A,1.663064938,1.337669877,0.325395062,31.76257575,25.54791446,6.214661291,33.77004393666667,27.103069173333335,6.666974763,1.852706359,1.4868638186666667,0.3658425403333334
166,56,B,2.009001067,1.609520533,0.399480533,35.52735847,28.46290821,7.064450261,33.77004393666667,27.103069173333335,6.666974763,1.852706359,1.4868638186666667,0.3658425403333334
167,56,C,1.886053072,1.513401046,0.372652026,34.02019759,27.29838485,6.721812737,33.77004393666667,27.103069173333335,6.666974763,1.852706359,1.4868638186666667,0.3658425403333334
168,57,A,1.403534912,1.105618772,0.29791614,37.72676428,29.71883238,8.007931904,37.870739506666666,29.828753546666665,8.041985962666667,1.4219351593333334,1.1199851096666666,0.30195005
169,57,B,1.403195498,1.104964502,0.298230996,38.21392563,30.09205159,8.121874042,37.870739506666666,29.828753546666665,8.041985962666667,1.4219351593333334,1.1199851096666666,0.30195005
170,57,C,1.459075068,1.149372055,0.309703014,37.67152861,29.67537667,7.996151942,37.870739506666666,29.828753546666665,8.041985962666667,1.4219351593333334,1.1199851096666666,0.30195005
171,58,A,3.844656119,3.003706866,0.840949254,91.10559525,71.17788781,19.92770743,88.93881304499999,69.646233285,19.292579755,3.869464885,3.030322957,0.8391419284999999
173,58,C,3.894273651,3.056939048,0.837334603,86.77203084,68.11457876,18.65745208,88.93881304499999,69.646233285,19.292579755,3.869464885,3.030322957,0.8391419284999999
174,59,A,3.859263268,3.051494379,0.807768889,69.61251562,55.04216359,14.57035203,74.72276060333333,59.18423522333333,15.538525380000001,3.959030068,3.1356769100000004,0.8233531583333332
175,59,B,4.028318788,3.187343758,0.84097503,78.36087336,62.00180614,16.35906722,74.72276060333333,59.18423522333333,15.538525380000001,3.959030068,3.1356769100000004,0.8233531583333332
176,59,C,3.989508148,3.168192593,0.821315556,76.19489283,60.50873594,15.68615689,74.72276060333333,59.18423522333333,15.538525380000001,3.959030068,3.1356769100000004,0.8233531583333332
177,60,A,1.884466667,1.468084153,0.416382514,40.65659852,31.67331589,8.983282639,39.87457970666667,31.055471456666666,8.819108250000001,2.061835526,1.6057794286666667,0.456056097
178,60,B,2.054924444,1.60072,0.454204444,39.24662941,30.57186107,8.674768338,39.87457970666667,31.055471456666666,8.819108250000001,2.061835526,1.6057794286666667,0.456056097
179,60,C,2.246115467,1.748534133,0.497581333,39.72051119,30.92123741,8.799273773,39.87457970666667,31.055471456666666,8.819108250000001,2.061835526,1.6057794286666667,0.456056097
180,61,A,2.503608075,1.984162066,0.519446009,62.86912829,49.82510669,13.0440216,62.61077550666666,50.209389073333334,12.401386433333334,2.5543237619999997,2.0486423006666663,0.5056814613333334
181,61,B,2.675114902,2.151200392,0.52391451,64.33748792,51.7371531,12.60033482,62.61077550666666,50.209389073333334,12.401386433333334,2.5543237619999997,2.0486423006666663,0.5056814613333334
182,61,C,2.484248309,2.010564444,0.473683865,60.62571031,49.06590743,11.55980288,62.61077550666666,50.209389073333334,12.401386433333334,2.5543237619999997,2.0486423006666663,0.5056814613333334
183,62,A,3.175180606,2.435612121,0.739568485,74.11824291,56.8544953,17.26374761,76.49003639000001,58.56232266999999,17.92771372,3.420760397,2.618846935,0.801913462
184,62,B,3.464365503,2.655141799,0.809223704,77.19283676,59.16175049,18.03108627,76.49003639000001,58.56232266999999,17.92771372,3.420760397,2.618846935,0.801913462
185,62,C,3.622735082,2.765786885,0.856948197,78.1590295,59.67072222,18.48830728,76.49003639000001,58.56232266999999,17.92771372,3.420760397,2.618846935,0.801913462
186,63,A,3.337907981,2.579054272,0.758853709,83.81957511,64.76368867,19.05588644,80.38844010666668,62.26821029333333,18.12022981,3.359065797333333,2.6020128010000003,0.7570529963333333
187,63,B,3.412774129,2.652295721,0.760478408,80.87142487,62.85060951,18.02081535,80.38844010666668,62.26821029333333,18.12022981,3.359065797333333,2.6020128010000003,0.7570529963333333
188,63,C,3.326515282,2.57468841,0.751826872,76.47432034,59.1903327,17.28398764,80.38844010666668,62.26821029333333,18.12022981,3.359065797333333,2.6020128010000003,0.7570529963333333
189,64,A,2.294010667,1.829276606,0.464734061,44.62424371,35.58400415,9.04023956,45.23548136,36.186187546666666,9.049293815333334,2.4667535993333334,1.9734133043333333,0.4933402946666667
190,64,B,2.439852308,1.957021538,0.482830769,44.87243404,35.99247365,8.879960388,45.23548136,36.186187546666666,9.049293815333334,2.4667535993333334,1.9734133043333333,0.4933402946666667
191,64,C,2.666397823,2.133941769,0.532456054,46.20976633,36.98208484,9.227681498,45.23548136,36.186187546666666,9.049293815333334,2.4667535993333334,1.9734133043333333,0.4933402946666667
192,65,A,1.788237514,1.411946893,0.376290621,37.31555964,29.46341751,7.852142133,35.15257362333333,27.858098136666666,7.294475489666667,1.732530408,1.373224068,0.35930634
193,65,B,1.712009266,1.355185311,0.356823955,35.72488741,28.27896065,7.445926764,35.15257362333333,27.858098136666666,7.294475489666667,1.732530408,1.373224068,0.35930634
194,65,C,1.697344444,1.35254,0.344804444,32.41727382,25.83191625,6.585357572,35.15257362333333,27.858098136666666,7.294475489666667,1.732530408,1.373224068,0.35930634
195,66,A,2.853818305,2.313183729,0.540634576,59.55127679,48.26973191,11.28154488,60.34289217333333,48.83670745666666,11.506184716666667,2.9159659543333336,2.3601635603333335,0.555802394
196,66,B,2.755832043,2.223285376,0.532546667,60.43063828,48.75280941,11.67782887,60.34289217333333,48.83670745666666,11.506184716666667,2.9159659543333336,2.3601635603333335,0.555802394
197,66,C,3.138247515,2.544021576,0.594225939,61.04676145,49.48758105,11.5591804,60.34289217333333,48.83670745666666,11.506184716666667,2.9159659543333336,2.3601635603333335,0.555802394
198,67,A,1.142724889,0.901701778,0.241023111,24.24966164,19.13493198,5.114729669,23.374343133333337,18.436243743333332,4.938099392666667,1.1263241583333334,0.8883707073333333,0.2379534506666667
199,67,B,1.158523218,0.913951264,0.244571954,23.76541935,18.74838132,5.017038033,23.374343133333337,18.436243743333332,4.938099392666667,1.1263241583333334,0.8883707073333333,0.2379534506666667
200,67,C,1.077724368,0.84945908,0.228265287,22.10794841,17.42541793,4.682530476,23.374343133333337,18.436243743333332,4.938099392666667,1.1263241583333334,0.8883707073333333,0.2379534506666667
201,68,A,1.520799556,1.237440444,0.283359111,32.27274999,26.25961189,6.013138101,34.65375963666666,28.052085543333334,6.601674094,1.5976685233333334,1.293423699,0.30424482399999997
202,68,B,1.589946458,1.281783542,0.308162917,35.98945085,29.01398694,6.975463913,34.65375963666666,28.052085543333334,6.601674094,1.5976685233333334,1.293423699,0.30424482399999997
203,68,C,1.682259556,1.361047111,0.321212444,35.69907807,28.8826578,6.816420268,34.65375963666666,28.052085543333334,6.601674094,1.5976685233333334,1.293423699,0.30424482399999997
204,69,A,2.233238205,1.756718718,0.476519487,41.07250006,32.30861333,8.763886727,40.008258866666665,31.95171378666667,8.056545078666666,2.278523383,1.8204827566666666,0.45804062633333337
205,69,B,2.284598611,1.860294722,0.424303889,38.78500861,31.58171701,7.203291599,40.008258866666665,31.95171378666667,8.056545078666666,2.278523383,1.8204827566666666,0.45804062633333337
206,69,C,2.317733333,1.84443483,0.473298503,40.16726793,31.96481102,8.20245691,40.008258866666665,31.95171378666667,8.056545078666666,2.278523383,1.8204827566666666,0.45804062633333337
207,70,A,2.931006486,2.280669189,0.650337297,76.71163613,59.69071232,17.02092382,76.83541062333335,60.31534743666666,16.520063193333332,2.943611208666667,2.3096765703333335,0.6339346383333334
208,70,B,2.731367521,2.181510427,0.549857094,75.35073448,60.18172644,15.16900804,76.83541062333335,60.31534743666666,16.520063193333332,2.943611208666667,2.3096765703333335,0.6339346383333334
209,70,C,3.168459619,2.466850095,0.701609524,78.44386126,61.07360355,17.37025772,76.83541062333335,60.31534743666666,16.520063193333332,2.943611208666667,2.3096765703333335,0.6339346383333334
210,71,A,1.842822154,1.361726769,0.481095385,42.365226,31.30517083,11.06005517,43.468993106666666,33.051683133333334,10.417309972666667,1.8804847406666667,1.4298868146666666,0.450597926
211,71,B,1.780463179,1.404875897,0.375587282,40.93163566,32.29713989,8.634495768,43.468993106666666,33.051683133333334,10.417309972666667,1.8804847406666667,1.4298868146666666,0.450597926
212,71,C,2.018168889,1.523057778,0.495111111,47.11011766,35.55273868,11.55737898,43.468993106666666,33.051683133333334,10.417309972666667,1.8804847406666667,1.4298868146666666,0.450597926
213,72,A,2.468892736,1.82600398,0.642888756,58.50456721,43.2702365,15.23433072,53.81312395333333,41.95403079666667,11.85909316,2.271115224,1.7706339016666668,0.5004813223333332
214,72,B,2.151986471,1.725481765,0.426504706,51.75605857,41.49846502,10.25759355,53.81312395333333,41.95403079666667,11.85909316,2.271115224,1.7706339016666668,0.5004813223333332
215,72,C,2.192466465,1.76041596,0.432050505,51.17874608,41.09339087,10.08535521,53.81312395333333,41.95403079666667,11.85909316,2.271115224,1.7706339016666668,0.5004813223333332
216,73,A,0.926567232,0.734417175,0.192150056,19.33488953,15.32525052,4.009639009,18.295772323333335,14.536766403333333,3.759005918333333,0.8916470986666667,0.7085129013333334,0.183134197
217,73,B,0.870661921,0.690113672,0.180548249,18.16830068,14.40075924,3.76754144,18.295772323333335,14.536766403333333,3.759005918333333,0.8916470986666667,0.7085129013333334,0.183134197
218,73,C,0.877712143,0.701007857,0.176704286,17.38412676,13.88428945,3.499837306,18.295772323333335,14.536766403333333,3.759005918333333,0.8916470986666667,0.7085129013333334,0.183134197
219,74,A,3.280281429,2.564472857,0.715808571,64.96985216,50.79241706,14.1774351,65.58020953666666,51.09586035,14.484349186666668,3.355131302666667,2.6141764293333334,0.7409548730000001
220,74,B,3.239432982,2.514458947,0.724974035,65.30652897,50.69115088,14.61537809,65.58020953666666,51.09586035,14.484349186666668,3.355131302666667,2.6141764293333334,0.7409548730000001
221,74,C,3.545679497,2.763597484,0.782082013,66.46424748,51.80401311,14.66023437,65.58020953666666,51.09586035,14.484349186666668,3.355131302666667,2.6141764293333334,0.7409548730000001
222,75,A,2.213772513,1.771655179,0.442117333,50.89312207,40.72914574,10.16397633,53.27529650333333,42.62895475333333,10.646341753333333,2.3938193680000004,1.915442766,0.47837660233333335
223,75,B,2.456385161,1.96005871,0.496326452,53.86428521,42.98070312,10.88358209,53.27529650333333,42.62895475333333,10.646341753333333,2.3938193680000004,1.915442766,0.47837660233333335
224,75,C,2.51130043,2.014614409,0.496686022,55.06848223,44.1770154,10.89146684,53.27529650333333,42.62895475333333,10.646341753333333,2.3938193680000004,1.915442766,0.47837660233333335
225,76,A,3.172446032,2.536521587,0.635924444,94.25106694,75.35821367,18.89285327,94.83343629333335,75.85284792666666,18.98058837,3.2719580149999996,2.6171065086666667,0.6548515056666667
226,76,B,3.218232846,2.573689106,0.64454374,93.33489896,74.64189951,18.69299946,94.83343629333335,75.85284792666666,18.98058837,3.2719580149999996,2.6171065086666667,0.6548515056666667
227,76,C,3.425195167,2.741108833,0.684086333,96.91434298,77.5584306,19.35591238,94.83343629333335,75.85284792666666,18.98058837,3.2719580149999996,2.6171065086666667,0.6548515056666667
228,77,A,3.014093821,2.34869252,0.665401301,87.41447738,68.11656881,19.29790856,84.81172337333332,66.11168800333333,18.700035366666665,2.949419671,2.2991211600000003,0.650298511
229,77,B,2.833814137,2.208691888,0.625122249,83.18829077,64.83745726,18.35083351,84.81172337333332,66.11168800333333,18.700035366666665,2.949419671,2.2991211600000003,0.650298511
230,77,C,3.000351055,2.339979072,0.660371983,83.83240197,65.38103794,18.45136403,84.81172337333332,66.11168800333333,18.700035366666665,2.949419671,2.2991211600000003,0.650298511
231,78,A,3.588199204,2.825403184,0.76279602,85.02841716,66.95268209,18.07573507,84.93345594333333,66.68932116666667,18.24413477666667,3.819089425,2.9984685293333335,0.8206208956666666
232,78,B,3.870225355,3.041417923,0.828807432,83.49853104,65.61734927,17.88118177,84.93345594333333,66.68932116666667,18.24413477666667,3.819089425,2.9984685293333335,0.8206208956666666
233,78,C,3.998843716,3.128584481,0.870259235,86.27341963,67.49793214,18.77548749,84.93345594333333,66.68932116666667,18.24413477666667,3.819089425,2.9984685293333335,0.8206208956666666
234,79,A,4.318281333,3.358038667,0.960242667,91.6378581,71.26063521,20.37722289,89.76101011666667,69.89047652666666,19.87053359,4.25649294,3.3144098480000004,0.9420830923333333
235,79,B,4.111140645,3.19736,0.913780645,90.15021575,70.112584,20.03763175,89.76101011666667,69.89047652666666,19.87053359,4.25649294,3.3144098480000004,0.9420830923333333
236,79,C,4.340056842,3.387830877,0.952225965,87.4949565,68.29821037,19.19674613,89.76101011666667,69.89047652666666,19.87053359,4.25649294,3.3144098480000004,0.9420830923333333
237,80,A,2.117244444,1.708722963,0.408521481,40.43686779,32.63459008,7.802277711,35.201312550000004,28.973283659999996,6.228028892,1.910018562,1.5727517503333335,0.337266812
238,80,B,1.436602092,1.243906144,0.192695948,25.91310273,22.43729693,3.475805805,35.201312550000004,28.973283659999996,6.228028892,1.910018562,1.5727517503333335,0.337266812
239,80,C,2.17620915,1.765626144,0.410583007,39.25396713,31.84796397,7.40600316,35.201312550000004,28.973283659999996,6.228028892,1.910018562,1.5727517503333335,0.337266812
240,81,A,3.072789815,2.253299074,0.819490741,78.24887411,57.38046733,20.86840678,69.83625474333333,54.273811036666665,15.562443706666668,2.767011562666667,2.150881686,0.6161298766666666
241,81,B,2.654708762,2.114562095,0.540146667,65.72455731,52.35175308,13.37280423,69.83625474333333,54.273811036666665,15.562443706666668,2.767011562666667,2.150881686,0.6161298766666666
242,81,C,2.573536111,2.084783889,0.488752222,65.53533281,53.0892127,12.44612011,69.83625474333333,54.273811036666665,15.562443706666668,2.767011562666667,2.150881686,0.6161298766666666
243,82,A,1.295197867,1.059584,0.235613867,34.35659617,28.10667044,6.249925727,32.35082408,26.32550046,6.025323619000001,1.2208202596666666,0.9934430940000002,0.22737716533333333
244,82,B,1.322830631,1.073640721,0.24918991,34.6217255,28.09981373,6.521911768,32.35082408,26.32550046,6.025323619000001,1.2208202596666666,0.9934430940000002,0.22737716533333333
245,82,C,1.044432281,0.847104561,0.197327719,28.07415057,22.77001721,5.304133362,32.35082408,26.32550046,6.025323619000001,1.2208202596666666,0.9934430940000002,0.22737716533333333
246,83,A,3.445291228,2.762461754,0.682829474,69.45660324,55.69085379,13.76574945,69.93237289333334,55.92599404333333,14.006378846666669,3.6738444683333333,2.9380916959999994,0.7357527726666667
247,83,B,3.924398367,3.140914286,0.783484082,68.011431,54.43333098,13.57810002,69.93237289333334,55.92599404333333,14.006378846666669,3.6738444683333333,2.9380916959999994,0.7357527726666667
248,83,C,3.65184381,2.910899048,0.740944762,72.32908444,57.65379736,14.67528707,69.93237289333334,55.92599404333333,14.006378846666669,3.6738444683333333,2.9380916959999994,0.7357527726666667
249,84,A,2.709350631,2.162286126,0.547064505,70.91035816,56.59233689,14.31802127,66.099962275,52.960771969999996,13.139190305,2.729993728,2.188074809,0.541918919
251,84,C,2.750636825,2.213863492,0.536773333,61.28956639,49.32920705,11.96035934,66.099962275,52.960771969999996,13.139190305,2.729993728,2.188074809,0.541918919
252,85,A,1.594883833,1.263900167,0.330983667,45.12651435,35.76148169,9.365032657,44.150060126666666,35.630298743333334,8.519761383,1.6382797723333333,1.3224747600000002,0.31580501266666666
253,85,B,1.747527778,1.41201,0.335517778,44.50095494,35.956964,8.543990946,44.150060126666666,35.630298743333334,8.519761383,1.6382797723333333,1.3224747600000002,0.31580501266666666
254,85,C,1.572427706,1.291514113,0.280913593,42.82271109,35.17245054,7.650260546,44.150060126666666,35.630298743333334,8.519761383,1.6382797723333333,1.3224747600000002,0.31580501266666666
255,86,A,3.281149412,2.640055294,0.641094118,78.91283865,63.49429158,15.41854708,76.00495940666666,60.904427309999996,15.100532096666667,3.2557556786666666,2.6090932616666667,0.6466624173333333
256,86,B,3.239741449,2.582384928,0.657356522,79.06279975,63.02064087,16.04215887,76.00495940666666,60.904427309999996,15.100532096666667,3.2557556786666666,2.6090932616666667,0.6466624173333333
257,86,C,3.246376175,2.604839563,0.641536612,70.03923982,56.19834948,13.84089034,76.00495940666666,60.904427309999996,15.100532096666667,3.2557556786666666,2.6090932616666667,0.6466624173333333
258,87,A,3.203649462,2.528458925,0.675190538,70.25050105,55.44473839,14.80576266,68.17124173999999,54.48501253333333,13.686229203333333,3.1604096016666667,2.526510789,0.633898813
259,87,B,3.103247619,2.485212063,0.618035556,69.14642428,55.37538374,13.77104053,68.17124173999999,54.48501253333333,13.686229203333333,3.1604096016666667,2.526510789,0.633898813
260,87,C,3.174331724,2.565861379,0.608470345,65.11679989,52.63491547,12.48188442,68.17124173999999,54.48501253333333,13.686229203333333,3.1604096016666667,2.526510789,0.633898813
261,88,A,1.880246377,1.493842899,0.386403478,45.8856193,36.45581099,9.429808304,45.19976421333333,36.15920397666667,9.040560231999999,2.1369504866666666,1.7109814943333335,0.4259689926666667
262,88,B,2.250941379,1.780738621,0.470202759,46.17478956,36.52926363,9.645525925,45.19976421333333,36.15920397666667,9.040560231999999,2.1369504866666666,1.7109814943333335,0.4259689926666667
263,88,C,2.279663704,1.858362963,0.421300741,43.53888378,35.49253731,8.046346467,45.19976421333333,36.15920397666667,9.040560231999999,2.1369504866666666,1.7109814943333335,0.4259689926666667
264,89,A,3.550823333,2.801912667,0.748910667,75.35170121,59.4591356,15.89256561,74.04760557333334,58.47967272666667,15.567932846666666,3.657857286,2.8890003743333335,0.7688569126666667
265,89,B,3.605254689,2.845305311,0.759949379,75.23167103,59.3736342,15.85803683,74.04760557333334,58.47967272666667,15.567932846666666,3.657857286,2.8890003743333335,0.7688569126666667
266,89,C,3.817493836,3.019783145,0.797710692,71.55944448,56.60624838,14.9531961,74.04760557333334,58.47967272666667,15.567932846666666,3.657857286,2.8890003743333335,0.7688569126666667
267,90,A,4.199843152,3.321541576,0.878301576,81.69745113,64.61228926,17.08516187,80.86857340333334,64.04650994333333,16.82206346,4.0862309733333335,3.2360725586666668,0.8501584143333334
268,90,B,4.153748848,3.285564606,0.868184242,80.80080168,63.91244724,16.88835444,80.86857340333334,64.04650994333333,16.82206346,4.0862309733333335,3.2360725586666668,0.8501584143333334
269,90,C,3.90510092,3.101111494,0.803989425,80.1074674,63.61479333,16.49267407,80.86857340333334,64.04650994333333,16.82206346,4.0862309733333335,3.2360725586666668,0.8501584143333334
270,91,A,2.261259012,1.826290617,0.434968395,43.18737592,34.8799934,8.307382519,40.865778533333334,32.921795446666664,7.943983086,2.2212282979999998,1.7893488983333334,0.4318793996666666
271,91,B,2.181302222,1.763444444,0.417857778,39.34583481,31.80861097,7.537223833,40.865778533333334,32.921795446666664,7.943983086,2.2212282979999998,1.7893488983333334,0.4318793996666666
272,91,C,2.22112366,1.778311634,0.442812026,40.06412487,32.07678197,7.987342906,40.865778533333334,32.921795446666664,7.943983086,2.2212282979999998,1.7893488983333334,0.4318793996666666
273,92,A,2.276030323,1.837817419,0.438212903,49.90941501,40.30016269,9.609252317,50.74106089,41.050446029999996,9.690614856333333,2.265353579666667,1.8326756676666667,0.4326779123333333
274,92,B,2.242675833,1.817844167,0.424831667,50.76439603,41.14806064,9.616335385,50.74106089,41.050446029999996,9.690614856333333,2.265353579666667,1.8326756676666667,0.4326779123333333
275,92,C,2.277354583,1.842365417,0.434989167,51.54937163,41.70311476,9.846256867,50.74106089,41.050446029999996,9.690614856333333,2.265353579666667,1.8326756676666667,0.4326779123333333
276,93,A,1.476803333,1.171825238,0.304978095,29.24983613,23.20938436,6.04045177,29.166577853333333,23.765651993333336,5.400925860333333,1.4725996826666667,1.1999107936666666,0.2726888886666667
277,93,B,1.53679381,1.302040476,0.234753333,30.43801844,25.78845111,4.649567329,29.166577853333333,23.765651993333336,5.400925860333333,1.4725996826666667,1.1999107936666666,0.2726888886666667
278,93,C,1.404201905,1.125866667,0.278335238,27.81187899,22.29912051,5.512758482,29.166577853333333,23.765651993333336,5.400925860333333,1.4725996826666667,1.1999107936666666,0.2726888886666667
279,94,A,3.402634,2.686379333,0.716254667,72.20698875,57.00741317,15.19957558,71.32840850999999,56.408112673333335,14.920295836666666,3.208177217,2.5369735796666664,0.6712036373333333
280,94,B,3.021226468,2.392113234,0.629113234,71.59304426,56.68514772,14.90789654,71.32840850999999,56.408112673333335,14.920295836666666,3.208177217,2.5369735796666664,0.6712036373333333
281,94,C,3.200671183,2.532428172,0.668243011,70.18519252,55.53177713,14.65341539,71.32840850999999,56.408112673333335,14.920295836666666,3.208177217,2.5369735796666664,0.6712036373333333
282,95,A,3.29628619,2.596959524,0.699326667,65.28684539,51.43585391,13.85099149,64.42228824,50.79363215666666,13.628656086666666,3.463799362,2.731091170333333,0.7327081919999999
283,95,B,3.597000523,2.836994771,0.760005752,64.8818797,51.17306831,13.70881139,64.42228824,50.79363215666666,13.628656086666666,3.463799362,2.731091170333333,0.7327081919999999
284,95,C,3.498111373,2.759319216,0.738792157,63.09813963,49.77197425,13.32616538,64.42228824,50.79363215666666,13.628656086666666,3.463799362,2.731091170333333,0.7327081919999999
285,96,A,2.317029778,1.837348889,0.479680889,49.16947962,38.9902148,10.17926481,51.635758020000004,41.04102866333333,10.594729356666667,2.406462497,1.9127448436666665,0.49371765333333334
286,96,B,2.410788602,1.912070753,0.498717849,52.8644314,41.92841008,10.93602132,51.635758020000004,41.04102866333333,10.594729356666667,2.406462497,1.9127448436666665,0.49371765333333334
287,96,C,2.491569111,1.988814889,0.502754222,52.87336304,42.20446111,10.66890194,51.635758020000004,41.04102866333333,10.594729356666667,2.406462497,1.9127448436666665,0.49371765333333334
288,97,A,3.498107541,2.749488525,0.748619016,75.47024121,59.31909175,16.15114947,75.03223063,59.157937016666665,15.874293620000001,3.640027322,2.870127557,0.7698997653333333
289,97,B,3.711629425,2.930290575,0.781338851,76.138681,60.11065054,16.02803046,75.03223063,59.157937016666665,15.874293620000001,3.640027322,2.870127557,0.7698997653333333
290,97,C,3.710345,2.930603571,0.779741429,73.48776968,58.04406876,15.44370093,75.03223063,59.157937016666665,15.874293620000001,3.640027322,2.870127557,0.7698997653333333
291,98,A,2.78420956,2.237592704,0.546616855,52.19038929,41.94398151,10.24640777,53.707509843333334,43.12638702,10.58112282,2.865597745,2.301081642333333,0.5645161026666666
292,98,B,2.942392564,2.365496667,0.576895897,54.11488057,43.50492561,10.60995496,53.707509843333334,43.12638702,10.58112282,2.865597745,2.301081642333333,0.5645161026666666
293,98,C,2.870191111,2.300155556,0.570035556,54.81725967,43.93025394,10.88700573,53.707509843333334,43.12638702,10.58112282,2.865597745,2.301081642333333,0.5645161026666666
294,99,A,3.027388889,2.363597778,0.663791111,64.24394615,50.15769494,14.08625121,61.03652197,48.020543413333336,13.015978559999999,3.045982074,2.3969809966666666,0.6490010773333333
295,99,B,2.725543515,2.181115394,0.544428121,53.01863667,42.42814836,10.59048832,61.03652197,48.020543413333336,13.015978559999999,3.045982074,2.3969809966666666,0.6490010773333333
296,99,C,3.385013818,2.646229818,0.738784,65.84698309,51.47578694,14.37119615,61.03652197,48.020543413333336,13.015978559999999,3.045982074,2.3969809966666666,0.6490010773333333
297,100,A,2.409647869,1.818758689,0.59088918,51.98716842,39.23897574,12.74819269,48.63075931333333,37.93010461,10.700654706,2.430332164,1.8981660219999998,0.5321661413333333
298,100,B,2.737361067,2.175790933,0.561570133,48.40774327,38.47688571,9.930857561,48.63075931333333,37.93010461,10.700654706,2.430332164,1.8981660219999998,0.5321661413333333
299,100,C,2.143987556,1.699948444,0.444039111,45.49736625,36.07445238,9.422913867,48.63075931333333,37.93010461,10.700654706,2.430332164,1.8981660219999998,0.5321661413333333
