Leaf,Measurement Type,Integration Time,LED Current,Score
mango,raw,50,12.5 mA,0.9668217930770322
mango,raw,50,12.5 mA,0.9456191466304498
mango,raw,50,12.5 mA,0.9411734967137119
mango,raw,50,12.5 mA,0.9481576695992586
mango,raw,50,12.5 mA,0.9227987575646213
mango,raw,50,12.5 mA,0.9496387912342087
mango,raw,50,12.5 mA,0.9172603790757058
mango,raw,50,12.5 mA,0.9650240834695601
mango,raw,50,12.5 mA,0.9646016524441199
mango,raw,50,12.5 mA,0.9250075382534978
mango,raw,50,25 mA,0.9601169733530106
mango,raw,50,25 mA,0.9587730305196591
mango,raw,50,25 mA,0.9471076106445798
mango,raw,50,25 mA,0.9265906290426741
mango,raw,50,25 mA,0.9388638992740056
mango,raw,50,25 mA,0.9648844510205523
mango,raw,50,25 mA,0.9459387459477953
mango,raw,50,25 mA,0.9594426097965751
mango,raw,50,25 mA,0.967913785195173
mango,raw,50,25 mA,0.961045712567817
mango,raw,50,50 mA,0.9454808801611151
mango,raw,50,50 mA,0.9376467412093712
mango,raw,50,50 mA,0.9709612620262517
mango,raw,50,50 mA,0.9259972449267594
mango,raw,50,50 mA,0.9482321895117051
mango,raw,50,50 mA,0.9183815617769227
mango,raw,50,50 mA,0.930485409600817
mango,raw,50,50 mA,0.9400869074360351
mango,raw,50,50 mA,0.9433520885439803
mango,raw,50,50 mA,0.943209852852146
mango,raw,100,12.5 mA,0.9348894232638537
mango,raw,100,12.5 mA,0.9613136867563831
mango,raw,100,12.5 mA,0.9218796687371074
mango,raw,100,12.5 mA,0.957132844773604
mango,raw,100,12.5 mA,0.9461576129313668
mango,raw,100,12.5 mA,0.9556852729865479
mango,raw,100,12.5 mA,0.9611334560046983
mango,raw,100,12.5 mA,0.9506528660962974
mango,raw,100,12.5 mA,0.934702664217914
mango,raw,100,12.5 mA,0.9462661591925667
mango,raw,100,25 mA,0.9489042163542931
mango,raw,100,25 mA,0.9482825583529315
mango,raw,100,25 mA,0.942745231878976
mango,raw,100,25 mA,0.9541442600983331
mango,raw,100,25 mA,0.9558571259323955
mango,raw,100,25 mA,0.9626149861877331
mango,raw,100,25 mA,0.9409393240606657
mango,raw,100,25 mA,0.9636555108026893
mango,raw,100,25 mA,0.952645423519184
mango,raw,100,25 mA,0.9756699948622616
mango,raw,100,50 mA,0.9280386182916883
mango,raw,100,50 mA,0.958144985565642
mango,raw,100,50 mA,0.9566354791788085
mango,raw,100,50 mA,0.9353545481536658
mango,raw,100,50 mA,0.9513022833231598
mango,raw,100,50 mA,0.9164266468303343
mango,raw,100,50 mA,0.9543993548793254
mango,raw,100,50 mA,0.9287857737512202
mango,raw,100,50 mA,0.951466527435788
mango,raw,100,50 mA,0.9276001150144452
mango,raw,150,12.5 mA,0.9431592665435273
mango,raw,150,12.5 mA,0.956358018747808
mango,raw,150,12.5 mA,0.9309432834945315
mango,raw,150,12.5 mA,0.9359055073950775
mango,raw,150,12.5 mA,0.942772276652832
mango,raw,150,12.5 mA,0.9450001100507339
mango,raw,150,12.5 mA,0.9434423202005999
mango,raw,150,12.5 mA,0.9418839462684517
mango,raw,150,12.5 mA,0.9426787019690014
mango,raw,150,12.5 mA,0.9576881207081203
mango,raw,150,25 mA,0.9636708064352552
mango,raw,150,25 mA,0.9659476300074229
mango,raw,150,25 mA,0.9114658356611046
mango,raw,150,25 mA,0.9363168729570139
mango,raw,150,25 mA,0.9493126860451935
mango,raw,150,25 mA,0.9276590748083986
mango,raw,150,25 mA,0.9658667554075917
mango,raw,150,25 mA,0.9701251752406832
mango,raw,150,25 mA,0.9405763164173911
mango,raw,150,25 mA,0.9743771811681367
mango,raw,150,50 mA,0.9402456956572796
mango,raw,150,50 mA,0.9595022802985154
mango,raw,150,50 mA,0.9485255650416865
mango,raw,150,50 mA,0.9431287682833217
mango,raw,150,50 mA,0.9306463382366766
mango,raw,150,50 mA,0.9362797864197857
mango,raw,150,50 mA,0.9273416453389752
mango,raw,150,50 mA,0.9520907156592111
mango,raw,150,50 mA,0.93359657506524
mango,raw,150,50 mA,0.933993282268578
mango,reflectance,50,12.5 mA,0.8930001781504916
mango,reflectance,50,12.5 mA,0.9602724033001453
mango,reflectance,50,12.5 mA,0.9194070748916829
mango,reflectance,50,12.5 mA,0.9347907989645455
mango,reflectance,50,12.5 mA,0.9350142334400322
mango,reflectance,50,12.5 mA,0.9594209612777258
mango,reflectance,50,12.5 mA,0.9288148462342942
mango,reflectance,50,12.5 mA,0.9577053688625545
mango,reflectance,50,12.5 mA,0.9477845153602888
mango,reflectance,50,12.5 mA,0.9722575646273304
mango,reflectance,50,25 mA,0.954558111257007
mango,reflectance,50,25 mA,0.9536519552832287
mango,reflectance,50,25 mA,0.9591158448483575
mango,reflectance,50,25 mA,0.9533402297560591
mango,reflectance,50,25 mA,0.921142434001126
mango,reflectance,50,25 mA,0.9542114711199173
mango,reflectance,50,25 mA,0.9601981264020817
mango,reflectance,50,25 mA,0.9583097950382672
mango,reflectance,50,25 mA,0.9625334340760866
mango,reflectance,50,25 mA,0.9515789447727717
mango,reflectance,50,50 mA,0.9132799723285796
mango,reflectance,50,50 mA,0.9345447652971967
mango,reflectance,50,50 mA,0.961701755286225
mango,reflectance,50,50 mA,0.9453013762479551
mango,reflectance,50,50 mA,0.9447664335096786
mango,reflectance,50,50 mA,0.9530168350080525
mango,reflectance,50,50 mA,0.9367658267241833
mango,reflectance,50,50 mA,0.9426024373878998
mango,reflectance,50,50 mA,0.9434884044305516
mango,reflectance,50,50 mA,0.886363919281542
mango,reflectance,100,12.5 mA,0.9615959273300185
mango,reflectance,100,12.5 mA,0.9393283085571292
mango,reflectance,100,12.5 mA,0.9286523027056045
mango,reflectance,100,12.5 mA,0.9352844128817933
mango,reflectance,100,12.5 mA,0.9432389084246782
mango,reflectance,100,12.5 mA,0.9697428664988976
mango,reflectance,100,12.5 mA,0.9483567858548909
mango,reflectance,100,12.5 mA,0.9570337116593655
mango,reflectance,100,12.5 mA,0.9522415052575344
mango,reflectance,100,12.5 mA,0.9416232636122331
mango,reflectance,100,25 mA,0.9558196070463743
mango,reflectance,100,25 mA,0.9588885121540078
mango,reflectance,100,25 mA,0.9406632770242562
mango,reflectance,100,25 mA,0.9603250289202758
mango,reflectance,100,25 mA,0.949246431032116
mango,reflectance,100,25 mA,0.9472797490253972
mango,reflectance,100,25 mA,0.9437030401552723
mango,reflectance,100,25 mA,0.9658733177683715
mango,reflectance,100,25 mA,0.9509368612702895
mango,reflectance,100,25 mA,0.9577984707651006
mango,reflectance,100,50 mA,0.9382537941908924
mango,reflectance,100,50 mA,0.9238679144800358
mango,reflectance,100,50 mA,0.9583175311988927
mango,reflectance,100,50 mA,0.9550404040177585
mango,reflectance,100,50 mA,0.9237757373562502
mango,reflectance,100,50 mA,0.9383845067664316
mango,reflectance,100,50 mA,0.934880105739978
mango,reflectance,100,50 mA,0.9555276752504792
mango,reflectance,100,50 mA,0.9537533881829847
mango,reflectance,100,50 mA,0.9541249145556168
mango,reflectance,150,12.5 mA,0.94216906615177
mango,reflectance,150,12.5 mA,0.933544353884675
mango,reflectance,150,12.5 mA,0.9595062152535213
mango,reflectance,150,12.5 mA,0.960522290945051
mango,reflectance,150,12.5 mA,0.9645445723234765
mango,reflectance,150,12.5 mA,0.9618212780779304
mango,reflectance,150,12.5 mA,0.9576375460213994
mango,reflectance,150,12.5 mA,0.9516273173799861
mango,reflectance,150,12.5 mA,0.9590633414838773
mango,reflectance,150,12.5 mA,0.9567889435405674
mango,reflectance,150,25 mA,0.9319147919884697
mango,reflectance,150,25 mA,0.954043186431803
mango,reflectance,150,25 mA,0.9520361598845398
mango,reflectance,150,25 mA,0.9668004593411162
mango,reflectance,150,25 mA,0.9549429151189405
mango,reflectance,150,25 mA,0.9347375849796374
mango,reflectance,150,25 mA,0.9516116500029819
mango,reflectance,150,25 mA,0.9554520385863322
mango,reflectance,150,25 mA,0.9481356547029401
mango,reflectance,150,25 mA,0.9501937568884458
mango,reflectance,150,50 mA,0.9478018588611155
mango,reflectance,150,50 mA,0.9543418386629466
mango,reflectance,150,50 mA,0.9390050183413634
mango,reflectance,150,50 mA,0.9474743151184928
mango,reflectance,150,50 mA,0.9150671910543612
mango,reflectance,150,50 mA,0.929200273348391
mango,reflectance,150,50 mA,0.9533376301042594
mango,reflectance,150,50 mA,0.9462271772726587
mango,reflectance,150,50 mA,0.945179019010554
mango,reflectance,150,50 mA,0.9652195518068248
mango,absorbance,50,12.5 mA,0.9549985872740342
mango,absorbance,50,12.5 mA,0.9689407878944939
mango,absorbance,50,12.5 mA,0.9580827500234215
mango,absorbance,50,12.5 mA,0.9575651094406397
mango,absorbance,50,12.5 mA,0.9649462750725368
mango,absorbance,50,12.5 mA,0.9608397849417841
mango,absorbance,50,12.5 mA,0.9375936409887683
mango,absorbance,50,12.5 mA,0.9464288518611618
mango,absorbance,50,12.5 mA,0.9758409901320751
mango,absorbance,50,12.5 mA,0.9527498088154195
mango,absorbance,50,25 mA,0.9756817159194594
mango,absorbance,50,25 mA,0.9685438624587112
mango,absorbance,50,25 mA,0.9525177411669541
mango,absorbance,50,25 mA,0.9626676675958074
mango,absorbance,50,25 mA,0.9749957443073505
mango,absorbance,50,25 mA,0.9534560140493433
mango,absorbance,50,25 mA,0.9511777473905805
mango,absorbance,50,25 mA,0.9404791337621751
mango,absorbance,50,25 mA,0.9557044140559817
mango,absorbance,50,25 mA,0.9764716185765407
mango,absorbance,50,50 mA,0.9215266717259377
mango,absorbance,50,50 mA,0.9416105040513232
mango,absorbance,50,50 mA,0.9610856353202974
mango,absorbance,50,50 mA,0.9572841507452999
mango,absorbance,50,50 mA,0.9375329611809571
mango,absorbance,50,50 mA,0.9580009765441471
mango,absorbance,50,50 mA,0.9252319202121708
mango,absorbance,50,50 mA,0.9563530605917235
mango,absorbance,50,50 mA,0.9710938058188929
mango,absorbance,50,50 mA,0.9474394192554773
mango,absorbance,100,12.5 mA,0.9680177320079051
mango,absorbance,100,12.5 mA,0.9537462543833413
mango,absorbance,100,12.5 mA,0.9493430552189539
mango,absorbance,100,12.5 mA,0.9395819641445957
mango,absorbance,100,12.5 mA,0.9697142443687201
mango,absorbance,100,12.5 mA,0.9607073538259437
mango,absorbance,100,12.5 mA,0.9508451307084298
mango,absorbance,100,12.5 mA,0.9508933198469014
mango,absorbance,100,12.5 mA,0.9463639690174386
mango,absorbance,100,12.5 mA,0.9646949416396917
mango,absorbance,100,25 mA,0.9665694693688784
mango,absorbance,100,25 mA,0.9271708868612331
mango,absorbance,100,25 mA,0.9699085877843013
mango,absorbance,100,25 mA,0.9686938551661621
mango,absorbance,100,25 mA,0.9670492534654982
mango,absorbance,100,25 mA,0.9516200937796868
mango,absorbance,100,25 mA,0.9495159555843393
mango,absorbance,100,25 mA,0.969359020063262
mango,absorbance,100,25 mA,0.9672849342505573
mango,absorbance,100,25 mA,0.9619068893610763
mango,absorbance,100,50 mA,0.9411390530153094
mango,absorbance,100,50 mA,0.9454858324593687
mango,absorbance,100,50 mA,0.9544450968157139
mango,absorbance,100,50 mA,0.9471924892378955
mango,absorbance,100,50 mA,0.9678586311674592
mango,absorbance,100,50 mA,0.9286629273945921
mango,absorbance,100,50 mA,0.9530394097268429
mango,absorbance,100,50 mA,0.9363092249850612
mango,absorbance,100,50 mA,0.9563672575884824
mango,absorbance,100,50 mA,0.9576909517844929
mango,absorbance,150,12.5 mA,0.9509266973774056
mango,absorbance,150,12.5 mA,0.9515849738351889
mango,absorbance,150,12.5 mA,0.9687709682534026
mango,absorbance,150,12.5 mA,0.9323014701617234
mango,absorbance,150,12.5 mA,0.9443386575058947
mango,absorbance,150,12.5 mA,0.9695459398676533
mango,absorbance,150,12.5 mA,0.9466186529936662
mango,absorbance,150,12.5 mA,0.972306800287255
mango,absorbance,150,12.5 mA,0.9676104866096826
mango,absorbance,150,12.5 mA,0.9600655470921158
mango,absorbance,150,25 mA,0.960977699528869
mango,absorbance,150,25 mA,0.9544228830282407
mango,absorbance,150,25 mA,0.9499757706243906
mango,absorbance,150,25 mA,0.9432100715886799
mango,absorbance,150,25 mA,0.9766540702866008
mango,absorbance,150,25 mA,0.974450588205416
mango,absorbance,150,25 mA,0.9551411737125133
mango,absorbance,150,25 mA,0.9687955390881365
mango,absorbance,150,25 mA,0.972126080083197
mango,absorbance,150,25 mA,0.95606563038936
mango,absorbance,150,50 mA,0.931331533453727
mango,absorbance,150,50 mA,0.9757538294449011
mango,absorbance,150,50 mA,0.9758713209074954
mango,absorbance,150,50 mA,0.9507559945632864
mango,absorbance,150,50 mA,0.9503596730497746
mango,absorbance,150,50 mA,0.953148706746944
mango,absorbance,150,50 mA,0.955449970510739
mango,absorbance,150,50 mA,0.9503334007128894
mango,absorbance,150,50 mA,0.9574896622711905
mango,absorbance,150,50 mA,0.949153269106354
banana,raw,50,12.5 mA,0.9534337138836748
banana,raw,50,12.5 mA,0.9476404773987311
banana,raw,50,12.5 mA,0.9449880254000805
banana,raw,50,12.5 mA,0.9284364306751791
banana,raw,50,12.5 mA,0.9515850788942459
banana,raw,50,12.5 mA,0.9238320017347854
banana,raw,50,12.5 mA,0.929261878278064
banana,raw,50,12.5 mA,0.939174308212374
banana,raw,50,12.5 mA,0.9413598642808587
banana,raw,50,12.5 mA,0.9334048552493797
banana,raw,50,25 mA,0.9438735670524372
banana,raw,50,25 mA,0.9361730034991105
banana,raw,50,25 mA,0.9514578779103672
banana,raw,50,25 mA,0.9602289265023956
banana,raw,50,25 mA,0.9282826143711912
banana,raw,50,25 mA,0.9343326058552882
banana,raw,50,25 mA,0.9274764424025307
banana,raw,50,25 mA,0.9363285038468806
banana,raw,50,25 mA,0.922992393301883
banana,raw,50,25 mA,0.928342295933822
banana,raw,50,50 mA,0.9091348074762375
banana,raw,50,50 mA,0.852293449543243
banana,raw,50,50 mA,0.8634288589262327
banana,raw,50,50 mA,0.8686625473245965
banana,raw,50,50 mA,0.9067648154742695
banana,raw,50,50 mA,0.7945177345027301
banana,raw,50,50 mA,0.846515172916782
banana,raw,50,50 mA,0.8481153465895358
banana,raw,50,50 mA,0.8583641495885492
banana,raw,50,50 mA,0.8511558591579232
banana,raw,100,12.5 mA,0.9529203523806536
banana,raw,100,12.5 mA,0.9698380064365713
banana,raw,100,12.5 mA,0.9551061357556808
banana,raw,100,12.5 mA,0.9621180126517311
banana,raw,100,12.5 mA,0.9590964680327849
banana,raw,100,12.5 mA,0.9541326982894741
banana,raw,100,12.5 mA,0.9378163435041661
banana,raw,100,12.5 mA,0.9585628403018274
banana,raw,100,12.5 mA,0.9485026724358208
banana,raw,100,12.5 mA,0.9448983111060737
banana,raw,100,25 mA,0.9510137663588298
banana,raw,100,25 mA,0.9100081801189086
banana,raw,100,25 mA,0.9501159412999663
banana,raw,100,25 mA,0.9206687611603945
banana,raw,100,25 mA,0.9017983920041551
banana,raw,100,25 mA,0.9389843563988809
banana,raw,100,25 mA,0.940736580624378
banana,raw,100,25 mA,0.9234898515598766
banana,raw,100,25 mA,0.9062307193609616
banana,raw,100,25 mA,0.9508293566375463
banana,raw,100,50 mA,0.8684034840141771
banana,raw,100,50 mA,0.8365252877865645
banana,raw,100,50 mA,0.9078264473189278
banana,raw,100,50 mA,0.8941184472954811
banana,raw,100,50 mA,0.9359987547652369
banana,raw,100,50 mA,0.8468560444992668
banana,raw,100,50 mA,0.8605969148589772
banana,raw,100,50 mA,0.8457221105635502
banana,raw,100,50 mA,0.8675469982600263
banana,raw,100,50 mA,0.7438009102538388
banana,raw,150,12.5 mA,0.9658349724763068
banana,raw,150,12.5 mA,0.9337084221416521
banana,raw,150,12.5 mA,0.9545817118340147
banana,raw,150,12.5 mA,0.9474837539834018
banana,raw,150,12.5 mA,0.9441772391834199
banana,raw,150,12.5 mA,0.9402689130601075
banana,raw,150,12.5 mA,0.9355557106719745
banana,raw,150,12.5 mA,0.9149562647671411
banana,raw,150,12.5 mA,0.9434338244109607
banana,raw,150,12.5 mA,0.941272333149194
banana,raw,150,25 mA,0.927709926946128
banana,raw,150,25 mA,0.9160525790057488
banana,raw,150,25 mA,0.9383495905249769
banana,raw,150,25 mA,0.9240017651947442
banana,raw,150,25 mA,0.8772150397091734
banana,raw,150,25 mA,0.9452029727004913
banana,raw,150,25 mA,0.9494062951926764
banana,raw,150,25 mA,0.9084013857722264
banana,raw,150,25 mA,0.9338139336803508
banana,raw,150,25 mA,0.9220998022802048
banana,raw,150,50 mA,0.9223372004617203
banana,raw,150,50 mA,0.9017580080327547
banana,raw,150,50 mA,0.8976611729798547
banana,raw,150,50 mA,0.8595523380023439
banana,raw,150,50 mA,0.8324730701719782
banana,raw,150,50 mA,0.8507977238751016
banana,raw,150,50 mA,0.9094192602684811
banana,raw,150,50 mA,0.889427373406022
banana,raw,150,50 mA,0.8160255613104073
banana,raw,150,50 mA,0.8948056304091289
banana,reflectance,50,12.5 mA,0.9372309482366866
banana,reflectance,50,12.5 mA,0.9278930472885445
banana,reflectance,50,12.5 mA,0.9208620383393626
banana,reflectance,50,12.5 mA,0.937347569885854
banana,reflectance,50,12.5 mA,0.923364243101607
banana,reflectance,50,12.5 mA,0.9483849323950498
banana,reflectance,50,12.5 mA,0.903458599446516
banana,reflectance,50,12.5 mA,0.9564704166249283
banana,reflectance,50,12.5 mA,0.9345404139555556
banana,reflectance,50,12.5 mA,0.9461034339327425
banana,reflectance,50,25 mA,0.9449284916640777
banana,reflectance,50,25 mA,0.9284221257261196
banana,reflectance,50,25 mA,0.9299463976596127
banana,reflectance,50,25 mA,0.950157369006421
banana,reflectance,50,25 mA,0.9669210700483248
banana,reflectance,50,25 mA,0.9361184441042615
banana,reflectance,50,25 mA,0.9501662187975739
banana,reflectance,50,25 mA,0.9092127903410727
banana,reflectance,50,25 mA,0.923970089362944
banana,reflectance,50,25 mA,0.9244865708120016
banana,reflectance,50,50 mA,0.9188919170235954
banana,reflectance,50,50 mA,0.8921683141451091
banana,reflectance,50,50 mA,0.9359498980653416
banana,reflectance,50,50 mA,0.8771917346331478
banana,reflectance,50,50 mA,0.9127002840488909
banana,reflectance,50,50 mA,0.8851978222781866
banana,reflectance,50,50 mA,0.8683838007352267
banana,reflectance,50,50 mA,0.8474982722760495
banana,reflectance,50,50 mA,0.9271300073943944
banana,reflectance,50,50 mA,0.8714082992225056
banana,reflectance,100,12.5 mA,0.961025037527811
banana,reflectance,100,12.5 mA,0.9422018342974787
banana,reflectance,100,12.5 mA,0.9505001949084912
banana,reflectance,100,12.5 mA,0.9561015127558585
banana,reflectance,100,12.5 mA,0.9462183450591292
banana,reflectance,100,12.5 mA,0.9509580319767217
banana,reflectance,100,12.5 mA,0.9467943166130955
banana,reflectance,100,12.5 mA,0.955976789256581
banana,reflectance,100,12.5 mA,0.9531147206187688
banana,reflectance,100,12.5 mA,0.9466491462985112
banana,reflectance,100,25 mA,0.9304689717647856
banana,reflectance,100,25 mA,0.9454592166261493
banana,reflectance,100,25 mA,0.9157749083063709
banana,reflectance,100,25 mA,0.9542190363382264
banana,reflectance,100,25 mA,0.9394747689626818
banana,reflectance,100,25 mA,0.9329707994238223
banana,reflectance,100,25 mA,0.9583494657810916
banana,reflectance,100,25 mA,0.8992320059794771
banana,reflectance,100,25 mA,0.885327002701498
banana,reflectance,100,25 mA,0.9242665652743471
banana,reflectance,100,50 mA,0.8723128604682268
banana,reflectance,100,50 mA,0.8587073687992435
banana,reflectance,100,50 mA,0.8334131967484011
banana,reflectance,100,50 mA,0.7571445872175805
banana,reflectance,100,50 mA,0.8365997252578975
banana,reflectance,100,50 mA,0.9141317984979992
banana,reflectance,100,50 mA,0.8921780529403928
banana,reflectance,100,50 mA,0.9072179960397111
banana,reflectance,100,50 mA,0.8406879821794209
banana,reflectance,100,50 mA,0.9188840177079606
banana,reflectance,150,12.5 mA,0.9261541884498421
banana,reflectance,150,12.5 mA,0.9215000214325985
banana,reflectance,150,12.5 mA,0.9596964369950579
banana,reflectance,150,12.5 mA,0.9449376571368465
banana,reflectance,150,12.5 mA,0.9442609369161581
banana,reflectance,150,12.5 mA,0.9610666928936654
banana,reflectance,150,12.5 mA,0.957645058500488
banana,reflectance,150,12.5 mA,0.9508832145769733
banana,reflectance,150,12.5 mA,0.9508343272226799
banana,reflectance,150,12.5 mA,0.9453144123065944
banana,reflectance,150,25 mA,0.9512502658639741
banana,reflectance,150,25 mA,0.9393116659354148
banana,reflectance,150,25 mA,0.8971556897347227
banana,reflectance,150,25 mA,0.8974178850940352
banana,reflectance,150,25 mA,0.9379365829900109
banana,reflectance,150,25 mA,0.8967579324019767
banana,reflectance,150,25 mA,0.9232030682867627
banana,reflectance,150,25 mA,0.8874756051575584
banana,reflectance,150,25 mA,0.9268057861847308
banana,reflectance,150,25 mA,0.9018753749972708
banana,reflectance,150,50 mA,0.9362231436740105
banana,reflectance,150,50 mA,0.9021300078129387
banana,reflectance,150,50 mA,0.8826541689641494
banana,reflectance,150,50 mA,0.9006002477690509
banana,reflectance,150,50 mA,0.892497878934939
banana,reflectance,150,50 mA,0.8820881679807627
banana,reflectance,150,50 mA,0.9253360249306335
banana,reflectance,150,50 mA,0.8755782349420329
banana,reflectance,150,50 mA,0.891407676612738
banana,reflectance,150,50 mA,0.895771258211412
banana,absorbance,50,12.5 mA,0.9561198677575505
banana,absorbance,50,12.5 mA,0.9353615608083896
banana,absorbance,50,12.5 mA,0.9415053006928492
banana,absorbance,50,12.5 mA,0.960274564299308
banana,absorbance,50,12.5 mA,0.9535813986714703
banana,absorbance,50,12.5 mA,0.946658514033097
banana,absorbance,50,12.5 mA,0.9368652196711439
banana,absorbance,50,12.5 mA,0.9470521733701552
banana,absorbance,50,12.5 mA,0.9701470407107012
banana,absorbance,50,12.5 mA,0.9418890136443229
banana,absorbance,50,25 mA,0.9653837902165153
banana,absorbance,50,25 mA,0.9591149659249033
banana,absorbance,50,25 mA,0.9430417483393854
banana,absorbance,50,25 mA,0.9527801707179289
banana,absorbance,50,25 mA,0.9463587922465487
banana,absorbance,50,25 mA,0.9362040621266392
banana,absorbance,50,25 mA,0.940001471820733
banana,absorbance,50,25 mA,0.9488036150506572
banana,absorbance,50,25 mA,0.949469918647217
banana,absorbance,50,25 mA,0.9313630283793379
banana,absorbance,50,50 mA,0.92959816147664
banana,absorbance,50,50 mA,0.9409080851842035
banana,absorbance,50,50 mA,0.8670163849446009
banana,absorbance,50,50 mA,0.91665783703708
banana,absorbance,50,50 mA,0.8962133245959635
banana,absorbance,50,50 mA,0.8526140630531441
banana,absorbance,50,50 mA,0.9273565327382217
banana,absorbance,50,50 mA,0.9465190167068743
banana,absorbance,50,50 mA,0.8990588728114508
banana,absorbance,50,50 mA,0.9026041905521968
banana,absorbance,100,12.5 mA,0.954231762830192
banana,absorbance,100,12.5 mA,0.9371775636167277
banana,absorbance,100,12.5 mA,0.9632183008037081
banana,absorbance,100,12.5 mA,0.9526736516316561
banana,absorbance,100,12.5 mA,0.9535614881228442
banana,absorbance,100,12.5 mA,0.9476284082947117
banana,absorbance,100,12.5 mA,0.9587255420965659
banana,absorbance,100,12.5 mA,0.9646868882474451
banana,absorbance,100,12.5 mA,0.9519215316286155
banana,absorbance,100,12.5 mA,0.9528696838689983
banana,absorbance,100,25 mA,0.9176523471210117
banana,absorbance,100,25 mA,0.9450810502751417
banana,absorbance,100,25 mA,0.9547842036515638
banana,absorbance,100,25 mA,0.954010398085158
banana,absorbance,100,25 mA,0.9328275436426864
banana,absorbance,100,25 mA,0.9483367659780175
banana,absorbance,100,25 mA,0.9251933728545518
banana,absorbance,100,25 mA,0.9427044222875852
banana,absorbance,100,25 mA,0.8905814350434074
banana,absorbance,100,25 mA,0.9366387410788666
banana,absorbance,100,50 mA,0.8993814485192458
banana,absorbance,100,50 mA,0.9209198984491253
banana,absorbance,100,50 mA,0.9239282931205366
banana,absorbance,100,50 mA,0.9359861785789884
banana,absorbance,100,50 mA,0.9024383649682399
banana,absorbance,100,50 mA,0.9062514737597696
banana,absorbance,100,50 mA,0.8545722701974998
banana,absorbance,100,50 mA,0.8991069574732056
banana,absorbance,100,50 mA,0.8483672239791495
banana,absorbance,100,50 mA,0.8774864609901815
banana,absorbance,150,12.5 mA,0.9618899645336456
banana,absorbance,150,12.5 mA,0.9488955152993033
banana,absorbance,150,12.5 mA,0.9578305047176879
banana,absorbance,150,12.5 mA,0.9741449693885925
banana,absorbance,150,12.5 mA,0.9449880668666748
banana,absorbance,150,12.5 mA,0.9486351859355524
banana,absorbance,150,12.5 mA,0.9502957176295201
banana,absorbance,150,12.5 mA,0.9668478323519097
banana,absorbance,150,12.5 mA,0.965104715965743
banana,absorbance,150,12.5 mA,0.9469432774878787
banana,absorbance,150,25 mA,0.9393274301415971
banana,absorbance,150,25 mA,0.9327656385609702
banana,absorbance,150,25 mA,0.7456588175057366
banana,absorbance,150,25 mA,0.9241615301181291
banana,absorbance,150,25 mA,0.9535976953037313
banana,absorbance,150,25 mA,0.9138015567193948
banana,absorbance,150,25 mA,0.7828948701492451
banana,absorbance,150,25 mA,0.6999538166993389
banana,absorbance,150,25 mA,0.9380152805087363
banana,absorbance,150,25 mA,0.9514471118236109
banana,absorbance,150,50 mA,0.9245695480202408
banana,absorbance,150,50 mA,0.8897264412487191
banana,absorbance,150,50 mA,0.9192906381645124
banana,absorbance,150,50 mA,0.8808984679851227
banana,absorbance,150,50 mA,0.9371262663306471
banana,absorbance,150,50 mA,0.8691798354347888
banana,absorbance,150,50 mA,0.9290260856240471
banana,absorbance,150,50 mA,0.9221947776939986
banana,absorbance,150,50 mA,0.9196090834021897
banana,absorbance,150,50 mA,0.9250152297940067
jasmine,raw,50,12.5 mA,0.8681418634908136
jasmine,raw,50,12.5 mA,0.8648870223549265
jasmine,raw,50,12.5 mA,0.8788696984737363
jasmine,raw,50,12.5 mA,0.6973736004576876
jasmine,raw,50,12.5 mA,0.8915542012482756
jasmine,raw,50,12.5 mA,0.908069097505824
jasmine,raw,50,12.5 mA,0.8679583835119385
jasmine,raw,50,12.5 mA,0.8923418347279484
jasmine,raw,50,12.5 mA,0.6821183935286796
jasmine,raw,50,12.5 mA,0.6538573335750768
jasmine,raw,50,25 mA,0.8032574084629365
jasmine,raw,50,25 mA,0.8441374208281212
jasmine,raw,50,25 mA,0.9203708329939978
jasmine,raw,50,25 mA,0.8355432291977067
jasmine,raw,50,25 mA,0.8163894727783392
jasmine,raw,50,25 mA,0.8512919738341069
jasmine,raw,50,25 mA,0.6662539863776429
jasmine,raw,50,25 mA,0.7997514160831023
jasmine,raw,50,25 mA,0.8497449164631162
jasmine,raw,50,25 mA,0.8331165979883647
jasmine,raw,50,50 mA,0.7491533169559725
jasmine,raw,50,50 mA,0.5267774561760884
jasmine,raw,50,50 mA,0.7809114281573863
jasmine,raw,50,50 mA,0.7082123436588346
jasmine,raw,50,50 mA,0.7964995530907528
jasmine,raw,50,50 mA,0.5801559847030191
jasmine,raw,50,50 mA,0.7613091420588375
jasmine,raw,50,50 mA,0.8042520072977263
jasmine,raw,50,50 mA,0.7528965777700944
jasmine,raw,50,50 mA,0.8138084135780494
jasmine,raw,100,12.5 mA,0.8882046973825459
jasmine,raw,100,12.5 mA,0.8665184177235974
jasmine,raw,100,12.5 mA,0.9324467175183007
jasmine,raw,100,12.5 mA,0.8809030961647663
jasmine,raw,100,12.5 mA,0.8980508137929888
jasmine,raw,100,12.5 mA,0.6165135742795197
jasmine,raw,100,12.5 mA,0.8437745811553121
jasmine,raw,100,12.5 mA,0.5450436484621226
jasmine,raw,100,12.5 mA,0.8805907219541103
jasmine,raw,100,12.5 mA,0.891890674141391
jasmine,raw,100,25 mA,0.8071524088885413
jasmine,raw,100,25 mA,0.8517914419386421
jasmine,raw,100,25 mA,0.8276369248294475
jasmine,raw,100,25 mA,0.797606975672056
jasmine,raw,100,25 mA,0.612843770485374
jasmine,raw,100,25 mA,0.7711266932965545
jasmine,raw,100,25 mA,0.8547149495113854
jasmine,raw,100,25 mA,0.8592218188713266
jasmine,raw,100,25 mA,0.5756254942076866
jasmine,raw,100,25 mA,0.8719586691427853
jasmine,raw,100,50 mA,0.7915665211656775
jasmine,raw,100,50 mA,0.6428977019558803
jasmine,raw,100,50 mA,0.7594412889794206
jasmine,raw,100,50 mA,0.5949845696299052
jasmine,raw,100,50 mA,0.7772541457621848
jasmine,raw,100,50 mA,0.8156983340529064
jasmine,raw,100,50 mA,0.7014368547028816
jasmine,raw,100,50 mA,0.6018209333530116
jasmine,raw,100,50 mA,0.6583444225631842
jasmine,raw,100,50 mA,0.8313904236722902
jasmine,raw,150,12.5 mA,0.8653253735168209
jasmine,raw,150,12.5 mA,0.8984400502609277
jasmine,raw,150,12.5 mA,0.901271203824945
jasmine,raw,150,12.5 mA,0.6433582740080627
jasmine,raw,150,12.5 mA,0.8530231598030669
jasmine,raw,150,12.5 mA,0.8651325825828036
jasmine,raw,150,12.5 mA,0.9165435494720069
jasmine,raw,150,12.5 mA,0.8257559688388956
jasmine,raw,150,12.5 mA,0.8171855347507805
jasmine,raw,150,12.5 mA,0.9131637342014206
jasmine,raw,150,25 mA,0.9113559605755804
jasmine,raw,150,25 mA,0.9353095650515273
jasmine,raw,150,25 mA,0.8948152064728451
jasmine,raw,150,25 mA,0.6435724868448145
jasmine,raw,150,25 mA,0.7895129090766317
jasmine,raw,150,25 mA,0.8450615110971234
jasmine,raw,150,25 mA,0.8498147590735581
jasmine,raw,150,25 mA,0.8173044076931968
jasmine,raw,150,25 mA,0.8627223626387764
jasmine,raw,150,25 mA,0.840106012335057
jasmine,raw,150,50 mA,0.7906107881508363
jasmine,raw,150,50 mA,0.7611578187381234
jasmine,raw,150,50 mA,0.787786259280659
jasmine,raw,150,50 mA,0.7542583857877628
jasmine,raw,150,50 mA,0.7200957818719027
jasmine,raw,150,50 mA,0.5312381569409272
jasmine,raw,150,50 mA,0.7671171008283237
jasmine,raw,150,50 mA,0.7397600066973887
jasmine,raw,150,50 mA,0.5252520090784696
jasmine,raw,150,50 mA,0.7610780135415063
jasmine,reflectance,50,12.5 mA,0.8686195145974582
jasmine,reflectance,50,12.5 mA,0.9300120980701335
jasmine,reflectance,50,12.5 mA,0.6845924024262249
jasmine,reflectance,50,12.5 mA,0.8389882274805931
jasmine,reflectance,50,12.5 mA,0.9129986763768714
jasmine,reflectance,50,12.5 mA,0.8935644457945051
jasmine,reflectance,50,12.5 mA,0.8481814741039632
jasmine,reflectance,50,12.5 mA,0.8287627402130835
jasmine,reflectance,50,12.5 mA,0.8584537641991309
jasmine,reflectance,50,12.5 mA,0.8737593676653792
jasmine,reflectance,50,25 mA,0.8780821671868394
jasmine,reflectance,50,25 mA,0.8689379022981849
jasmine,reflectance,50,25 mA,0.9246987742381811
jasmine,reflectance,50,25 mA,0.8218124142665397
jasmine,reflectance,50,25 mA,0.7521793155178517
jasmine,reflectance,50,25 mA,0.8377214646669782
jasmine,reflectance,50,25 mA,0.888927103169545
jasmine,reflectance,50,25 mA,0.6403877036394126
jasmine,reflectance,50,25 mA,0.8939835863599075
jasmine,reflectance,50,25 mA,0.8032505969010058
jasmine,reflectance,50,50 mA,0.7258021258965396
jasmine,reflectance,50,50 mA,0.6503043021547911
jasmine,reflectance,50,50 mA,0.7519469628749074
jasmine,reflectance,50,50 mA,0.7873401634784063
jasmine,reflectance,50,50 mA,0.6984693320955621
jasmine,reflectance,50,50 mA,0.759998491848389
jasmine,reflectance,50,50 mA,0.7747644279434476
jasmine,reflectance,50,50 mA,0.6797379718628174
jasmine,reflectance,50,50 mA,0.6854922593531251
jasmine,reflectance,50,50 mA,0.7190259959708838
jasmine,reflectance,100,12.5 mA,0.8716654948340045
jasmine,reflectance,100,12.5 mA,0.918309793881542
jasmine,reflectance,100,12.5 mA,0.878772142997215
jasmine,reflectance,100,12.5 mA,0.8221010569104499
jasmine,reflectance,100,12.5 mA,0.9081581915565315
jasmine,reflectance,100,12.5 mA,0.8905722411798407
jasmine,reflectance,100,12.5 mA,0.9305837822146594
jasmine,reflectance,100,12.5 mA,0.8296709259039942
jasmine,reflectance,100,12.5 mA,0.738167212112525
jasmine,reflectance,100,12.5 mA,0.8468141152482744
jasmine,reflectance,100,25 mA,0.8701506008639311
jasmine,reflectance,100,25 mA,0.780701501675061
jasmine,reflectance,100,25 mA,0.8282545963477234
jasmine,reflectance,100,25 mA,0.6405610698243445
jasmine,reflectance,100,25 mA,0.84876364059065
jasmine,reflectance,100,25 mA,0.8702385454063597
jasmine,reflectance,100,25 mA,0.8671918603986182
jasmine,reflectance,100,25 mA,0.6449238353333495
jasmine,reflectance,100,25 mA,0.8017105106823044
jasmine,reflectance,100,25 mA,0.8067235951670023
jasmine,reflectance,100,50 mA,0.7141238754207636
jasmine,reflectance,100,50 mA,0.7507770418131184
jasmine,reflectance,100,50 mA,0.6865195789263087
jasmine,reflectance,100,50 mA,0.5173846555380072
jasmine,reflectance,100,50 mA,0.7649389411889931
jasmine,reflectance,100,50 mA,0.7626083267262007
jasmine,reflectance,100,50 mA,0.8178471894036708
jasmine,reflectance,100,50 mA,0.8070963249431584
jasmine,reflectance,100,50 mA,0.2588565907958025
jasmine,reflectance,100,50 mA,0.7688936061726523
jasmine,reflectance,150,12.5 mA,0.8783678599888147
jasmine,reflectance,150,12.5 mA,0.8176524284975315
jasmine,reflectance,150,12.5 mA,0.8745845162483745
jasmine,reflectance,150,12.5 mA,0.7989804519592294
jasmine,reflectance,150,12.5 mA,0.8541065527476465
jasmine,reflectance,150,12.5 mA,0.8460649017757518
jasmine,reflectance,150,12.5 mA,0.9005169686517727
jasmine,reflectance,150,12.5 mA,0.8715540643097008
jasmine,reflectance,150,12.5 mA,0.89166980424915
jasmine,reflectance,150,12.5 mA,0.8681048130767921
jasmine,reflectance,150,25 mA,0.8843358844661716
jasmine,reflectance,150,25 mA,0.6688830379963124
jasmine,reflectance,150,25 mA,0.6276304522135907
jasmine,reflectance,150,25 mA,0.8708595220658305
jasmine,reflectance,150,25 mA,0.9010931005412726
jasmine,reflectance,150,25 mA,0.6673749884772069
jasmine,reflectance,150,25 mA,0.852820751262692
jasmine,reflectance,150,25 mA,0.8009843001924938
jasmine,reflectance,150,25 mA,0.8437753789800644
jasmine,reflectance,150,25 mA,0.8724448785987627
jasmine,reflectance,150,50 mA,0.7794210373645568
jasmine,reflectance,150,50 mA,0.792503065962691
jasmine,reflectance,150,50 mA,0.8062455473722877
jasmine,reflectance,150,50 mA,0.6605203649695619
jasmine,reflectance,150,50 mA,0.7832400027358094
jasmine,reflectance,150,50 mA,0.7731554403901735
jasmine,reflectance,150,50 mA,0.7103176613566005
jasmine,reflectance,150,50 mA,0.8152586004561005
jasmine,reflectance,150,50 mA,0.7294213132896814
jasmine,reflectance,150,50 mA,0.7893799052500092
jasmine,absorbance,50,12.5 mA,0.8430578769740867
jasmine,absorbance,50,12.5 mA,0.8767053921861555
jasmine,absorbance,50,12.5 mA,0.8812730029482324
jasmine,absorbance,50,12.5 mA,0.8720923176574598
jasmine,absorbance,50,12.5 mA,0.8084451187177759
jasmine,absorbance,50,12.5 mA,0.8411892688252018
jasmine,absorbance,50,12.5 mA,0.6714659556992517
jasmine,absorbance,50,12.5 mA,0.8834716989218094
jasmine,absorbance,50,12.5 mA,0.7929227487961786
jasmine,absorbance,50,12.5 mA,0.8805096428074841
jasmine,absorbance,50,25 mA,0.6565621172995241
jasmine,absorbance,50,25 mA,0.8508806562763702
jasmine,absorbance,50,25 mA,0.8727567336446581
jasmine,absorbance,50,25 mA,0.7782624588781133
jasmine,absorbance,50,25 mA,0.7743667264227885
jasmine,absorbance,50,25 mA,0.8409665685227511
jasmine,absorbance,50,25 mA,0.5746203932495499
jasmine,absorbance,50,25 mA,0.8700619844559758
jasmine,absorbance,50,25 mA,0.8211302241353338
jasmine,absorbance,50,25 mA,0.7734475889132139
jasmine,absorbance,50,50 mA,0.7597947993043858
jasmine,absorbance,50,50 mA,0.7610002254198142
jasmine,absorbance,50,50 mA,0.6560576680279318
jasmine,absorbance,50,50 mA,0.5070605651104465
jasmine,absorbance,50,50 mA,0.7267739855131012
jasmine,absorbance,50,50 mA,0.6496359459006482
jasmine,absorbance,50,50 mA,0.7452500368988855
jasmine,absorbance,50,50 mA,0.7799797177970869
jasmine,absorbance,50,50 mA,0.7365731051328361
jasmine,absorbance,50,50 mA,0.817904348907197
jasmine,absorbance,100,12.5 mA,0.8411556439587384
jasmine,absorbance,100,12.5 mA,0.8902956149980477
jasmine,absorbance,100,12.5 mA,0.9023010605169406
jasmine,absorbance,100,12.5 mA,0.749577524006972
jasmine,absorbance,100,12.5 mA,0.6330479800266089
jasmine,absorbance,100,12.5 mA,0.8640567303750568
jasmine,absorbance,100,12.5 mA,0.8534540150765955
jasmine,absorbance,100,12.5 mA,0.840106895902487
jasmine,absorbance,100,12.5 mA,0.8716964653829864
jasmine,absorbance,100,12.5 mA,0.7674737109746312
jasmine,absorbance,100,25 mA,0.6867657344301282
jasmine,absorbance,100,25 mA,0.6735745663141115
jasmine,absorbance,100,25 mA,0.8341993143075808
jasmine,absorbance,100,25 mA,0.6095499804339775
jasmine,absorbance,100,25 mA,0.8322719207255982
jasmine,absorbance,100,25 mA,0.8393032760347703
jasmine,absorbance,100,25 mA,0.6078291160046003
jasmine,absorbance,100,25 mA,0.7912069381429255
jasmine,absorbance,100,25 mA,0.7159487312372401
jasmine,absorbance,100,25 mA,0.8992754521871332
jasmine,absorbance,100,50 mA,0.8148698117784354
jasmine,absorbance,100,50 mA,0.6484448082991732
jasmine,absorbance,100,50 mA,0.7669315713978726
jasmine,absorbance,100,50 mA,0.797561789554557
jasmine,absorbance,100,50 mA,0.7395314421033428
jasmine,absorbance,100,50 mA,0.49823562533629884
jasmine,absorbance,100,50 mA,0.7680948093209317
jasmine,absorbance,100,50 mA,0.6646820552245735
jasmine,absorbance,100,50 mA,0.5661328697498884
jasmine,absorbance,100,50 mA,0.5664179827627562
jasmine,absorbance,150,12.5 mA,0.8448297271187211
jasmine,absorbance,150,12.5 mA,0.8823753360819757
jasmine,absorbance,150,12.5 mA,0.6099502931693874
jasmine,absorbance,150,12.5 mA,0.8688355663524068
jasmine,absorbance,150,12.5 mA,0.8978869154177058
jasmine,absorbance,150,12.5 mA,0.582081055170097
jasmine,absorbance,150,12.5 mA,0.8910807596051156
jasmine,absorbance,150,12.5 mA,0.871277266521151
jasmine,absorbance,150,12.5 mA,0.8702199356715281
jasmine,absorbance,150,12.5 mA,0.7951425378205191
jasmine,absorbance,150,25 mA,0.8191502656969182
jasmine,absorbance,150,25 mA,0.7934868513852028
jasmine,absorbance,150,25 mA,0.8493885646418464
jasmine,absorbance,150,25 mA,0.8914785979935526
jasmine,absorbance,150,25 mA,0.8042620466545579
jasmine,absorbance,150,25 mA,0.7736432324001197
jasmine,absorbance,150,25 mA,0.8915397391757337
jasmine,absorbance,150,25 mA,0.8696818672597209
jasmine,absorbance,150,25 mA,0.9221560536661138
jasmine,absorbance,150,25 mA,0.8116335694936818
jasmine,absorbance,150,50 mA,0.7839362169461503
jasmine,absorbance,150,50 mA,0.7909268674419931
jasmine,absorbance,150,50 mA,0.7588016721330836
jasmine,absorbance,150,50 mA,0.5919076567110573
jasmine,absorbance,150,50 mA,0.8259316124532514
jasmine,absorbance,150,50 mA,0.7504833751290383
jasmine,absorbance,150,50 mA,0.7806708872669458
jasmine,absorbance,150,50 mA,0.5498852128651269
jasmine,absorbance,150,50 mA,0.7734237874693105
jasmine,absorbance,150,50 mA,0.6800092538658826
rice,raw,50,12.5 mA,0.9295688356806132
rice,raw,50,12.5 mA,0.9434642233167246
rice,raw,50,12.5 mA,0.93247463004047
rice,raw,50,12.5 mA,0.935274867006948
rice,raw,50,12.5 mA,0.9361538234446054
rice,raw,50,12.5 mA,0.9166123052467847
rice,raw,50,12.5 mA,0.9200402793039218
rice,raw,50,12.5 mA,0.9217787394256994
rice,raw,50,12.5 mA,0.9182135384980543
rice,raw,50,12.5 mA,0.8843736535025886
rice,raw,50,25 mA,0.8592712713434718
rice,raw,50,25 mA,0.9181335387790884
rice,raw,50,25 mA,0.8337582022945765
rice,raw,50,25 mA,0.8973218922978947
rice,raw,50,25 mA,0.7613034570630387
rice,raw,50,25 mA,0.9424963739552438
rice,raw,50,25 mA,0.9144110853056774
rice,raw,50,25 mA,0.9330588236362568
rice,raw,50,25 mA,0.914379861805218
rice,raw,50,25 mA,0.9352040622580787
rice,raw,50,50 mA,0.8425289332914262
rice,raw,50,50 mA,0.8563070726807718
rice,raw,50,50 mA,0.8757378696970397
rice,raw,50,50 mA,0.8703759982843713
rice,raw,50,50 mA,0.8877476805073682
rice,raw,50,50 mA,0.8177724998793626
rice,raw,50,50 mA,0.8774969588119848
rice,raw,50,50 mA,0.8872887030153651
rice,raw,50,50 mA,0.9092366898653423
rice,raw,50,50 mA,0.8827220653572831
rice,raw,100,12.5 mA,0.66868132291495
rice,raw,100,12.5 mA,0.9342654820389656
rice,raw,100,12.5 mA,0.9387496139742035
rice,raw,100,12.5 mA,0.9037344050770828
rice,raw,100,12.5 mA,0.7540751999384239
rice,raw,100,12.5 mA,0.8552045488500823
rice,raw,100,12.5 mA,0.9400271459438866
rice,raw,100,12.5 mA,0.8626009652656528
rice,raw,100,12.5 mA,0.9204713245301569
rice,raw,100,12.5 mA,0.9446343691635584
rice,raw,100,25 mA,0.9348667405934011
rice,raw,100,25 mA,0.897340807592861
rice,raw,100,25 mA,0.8750058825420027
rice,raw,100,25 mA,0.8841392525765286
rice,raw,100,25 mA,0.9113431002426784
rice,raw,100,25 mA,0.9153996108436583
rice,raw,100,25 mA,0.9066293749781718
rice,raw,100,25 mA,0.9016855119000822
rice,raw,100,25 mA,0.8801893197218261
rice,raw,100,25 mA,0.8789209700730691
rice,raw,100,50 mA,0.7384754747759241
rice,raw,100,50 mA,0.7080904026941515
rice,raw,100,50 mA,0.7590442959623998
rice,raw,100,50 mA,0.8462608971465916
rice,raw,100,50 mA,0.8747028622482789
rice,raw,100,50 mA,0.8392958517611822
rice,raw,100,50 mA,0.6765080241272736
rice,raw,100,50 mA,0.8674464100763284
rice,raw,100,50 mA,0.8291736889228758
rice,raw,100,50 mA,0.8319515140764228
rice,raw,150,12.5 mA,0.7878968596423386
rice,raw,150,12.5 mA,0.9149942802486912
rice,raw,150,12.5 mA,0.9219296193152509
rice,raw,150,12.5 mA,0.8864108046805479
rice,raw,150,12.5 mA,0.9224131140088159
rice,raw,150,12.5 mA,0.935883799789081
rice,raw,150,12.5 mA,0.7816287143509164
rice,raw,150,12.5 mA,0.9225115680546332
rice,raw,150,12.5 mA,0.8925051917874641
rice,raw,150,12.5 mA,0.935923778677314
rice,raw,150,25 mA,0.8660349399289071
rice,raw,150,25 mA,0.8529086672058108
rice,raw,150,25 mA,0.8948340857299926
rice,raw,150,25 mA,0.9466558002130776
rice,raw,150,25 mA,0.8904432266549274
rice,raw,150,25 mA,0.933333155476548
rice,raw,150,25 mA,0.9240886673448696
rice,raw,150,25 mA,0.8893965356017145
rice,raw,150,25 mA,0.9231909057802384
rice,raw,150,25 mA,0.7388801326479961
rice,raw,150,50 mA,0.8840933494544332
rice,raw,150,50 mA,0.8830423591926757
rice,raw,150,50 mA,0.8358653702627206
rice,raw,150,50 mA,0.9084082069977921
rice,raw,150,50 mA,0.8313139290529077
rice,raw,150,50 mA,0.8350101957572292
rice,raw,150,50 mA,0.8372847484542557
rice,raw,150,50 mA,0.8787866249909501
rice,raw,150,50 mA,0.8498098560178317
rice,raw,150,50 mA,0.8932739576963848
rice,reflectance,50,12.5 mA,0.8313668811633658
rice,reflectance,50,12.5 mA,0.8210649482032989
rice,reflectance,50,12.5 mA,0.7804824016694043
rice,reflectance,50,12.5 mA,0.9100362297251576
rice,reflectance,50,12.5 mA,0.9395010639267386
rice,reflectance,50,12.5 mA,0.9199150070647626
rice,reflectance,50,12.5 mA,0.8849055894333787
rice,reflectance,50,12.5 mA,0.9021197066186897
rice,reflectance,50,12.5 mA,0.9455740679331792
rice,reflectance,50,12.5 mA,0.7963113517225435
rice,reflectance,50,25 mA,0.7953056553916804
rice,reflectance,50,25 mA,0.9134820856993305
rice,reflectance,50,25 mA,0.7417654578388293
rice,reflectance,50,25 mA,0.923439970275362
rice,reflectance,50,25 mA,0.9043858959120209
rice,reflectance,50,25 mA,0.8805951131257308
rice,reflectance,50,25 mA,0.8359685947614348
rice,reflectance,50,25 mA,0.8729483026094714
rice,reflectance,50,25 mA,0.950050133572071
rice,reflectance,50,25 mA,0.8885445994188588
rice,reflectance,50,50 mA,0.8113135358039929
rice,reflectance,50,50 mA,0.9012219416733135
rice,reflectance,50,50 mA,0.8248221455043807
rice,reflectance,50,50 mA,0.8090050106753384
rice,reflectance,50,50 mA,0.8681477864333846
rice,reflectance,50,50 mA,0.8693267761352786
rice,reflectance,50,50 mA,0.8156840528908783
rice,reflectance,50,50 mA,0.7935997038291815
rice,reflectance,50,50 mA,0.9101407746086627
rice,reflectance,50,50 mA,0.9052198014297703
rice,reflectance,100,12.5 mA,0.9442934268499075
rice,reflectance,100,12.5 mA,0.7554664091435627
rice,reflectance,100,12.5 mA,0.7910758217530743
rice,reflectance,100,12.5 mA,0.9271527615699339
rice,reflectance,100,12.5 mA,0.9036817676362912
rice,reflectance,100,12.5 mA,0.9114361379938979
rice,reflectance,100,12.5 mA,0.9334943491148214
rice,reflectance,100,12.5 mA,0.9450665736732416
rice,reflectance,100,12.5 mA,0.8928684400784879
rice,reflectance,100,12.5 mA,0.8504857463973289
rice,reflectance,100,25 mA,0.8931588512927302
rice,reflectance,100,25 mA,0.8842346305262427
rice,reflectance,100,25 mA,0.8238846903420035
rice,reflectance,100,25 mA,0.8809745909797895
rice,reflectance,100,25 mA,0.9117560949532556
rice,reflectance,100,25 mA,0.9140103185177754
rice,reflectance,100,25 mA,0.8967103380175123
rice,reflectance,100,25 mA,0.8676719580978474
rice,reflectance,100,25 mA,0.9323554185799661
rice,reflectance,100,25 mA,0.914503936508605
rice,reflectance,100,50 mA,0.870595328249529
rice,reflectance,100,50 mA,0.9129232341517491
rice,reflectance,100,50 mA,0.856779955140144
rice,reflectance,100,50 mA,0.8623351852657353
rice,reflectance,100,50 mA,0.8987300171399603
rice,reflectance,100,50 mA,0.8747402120638834
rice,reflectance,100,50 mA,0.8696297182653486
rice,reflectance,100,50 mA,0.7346445358120495
rice,reflectance,100,50 mA,0.8620953916993092
rice,reflectance,100,50 mA,0.7931413994497655
rice,reflectance,150,12.5 mA,0.8387781467091878
rice,reflectance,150,12.5 mA,0.8555905627990413
rice,reflectance,150,12.5 mA,0.8619218226008565
rice,reflectance,150,12.5 mA,0.9473144978842524
rice,reflectance,150,12.5 mA,0.7989997482888778
rice,reflectance,150,12.5 mA,0.8267251680090688
rice,reflectance,150,12.5 mA,0.7885757347744639
rice,reflectance,150,12.5 mA,0.8847584049518795
rice,reflectance,150,12.5 mA,0.9247838300332414
rice,reflectance,150,12.5 mA,0.8673291134188398
rice,reflectance,150,25 mA,0.7720598936761608
rice,reflectance,150,25 mA,0.7679546736634106
rice,reflectance,150,25 mA,0.9379646144687958
rice,reflectance,150,25 mA,0.9439456121864109
rice,reflectance,150,25 mA,0.8773577422985605
rice,reflectance,150,25 mA,0.9156532085809799
rice,reflectance,150,25 mA,0.9116955612320493
rice,reflectance,150,25 mA,0.8828043405869392
rice,reflectance,150,25 mA,0.72688372306502
rice,reflectance,150,25 mA,0.9050910322421091
rice,reflectance,150,50 mA,0.7594017324971244
rice,reflectance,150,50 mA,0.9078272976915277
rice,reflectance,150,50 mA,0.8768975564450039
rice,reflectance,150,50 mA,0.8913932021365273
rice,reflectance,150,50 mA,0.8888658065151431
rice,reflectance,150,50 mA,0.8972546291975982
rice,reflectance,150,50 mA,0.9032844179650362
rice,reflectance,150,50 mA,0.8958480273079897
rice,reflectance,150,50 mA,0.8299171004939689
rice,reflectance,150,50 mA,0.7677283724122558
rice,absorbance,50,12.5 mA,0.8740725524208173
rice,absorbance,50,12.5 mA,0.8590770539738275
rice,absorbance,50,12.5 mA,0.7187469676177678
rice,absorbance,50,12.5 mA,0.8945723472156916
rice,absorbance,50,12.5 mA,0.8460368565544363
rice,absorbance,50,12.5 mA,0.9443090556171307
rice,absorbance,50,12.5 mA,0.9369488448879812
rice,absorbance,50,12.5 mA,0.934810155319503
rice,absorbance,50,12.5 mA,0.9244600536931507
rice,absorbance,50,12.5 mA,0.8502214786159997
rice,absorbance,50,25 mA,0.9349427242139694
rice,absorbance,50,25 mA,0.9168845264086151
rice,absorbance,50,25 mA,0.8867648541950892
rice,absorbance,50,25 mA,0.8770371955251783
rice,absorbance,50,25 mA,0.7015234912509085
rice,absorbance,50,25 mA,0.9378660754227435
rice,absorbance,50,25 mA,0.9466977636221499
rice,absorbance,50,25 mA,0.8968255209576552
rice,absorbance,50,25 mA,0.9267581844968594
rice,absorbance,50,25 mA,0.9229156718272914
rice,absorbance,50,50 mA,0.8982175463991122
rice,absorbance,50,50 mA,0.9168151667087221
rice,absorbance,50,50 mA,0.9258786622072813
rice,absorbance,50,50 mA,0.9291473027969245
rice,absorbance,50,50 mA,0.9143424992281202
rice,absorbance,50,50 mA,0.7804653230166692
rice,absorbance,50,50 mA,0.8745060656089501
rice,absorbance,50,50 mA,0.7061553423633111
rice,absorbance,50,50 mA,0.8709883093590826
rice,absorbance,50,50 mA,0.9393099469434645
rice,absorbance,100,12.5 mA,0.9423025046963464
rice,absorbance,100,12.5 mA,0.9073110897903877
rice,absorbance,100,12.5 mA,0.7019210393914711
rice,absorbance,100,12.5 mA,0.9022998320493246
rice,absorbance,100,12.5 mA,0.9112334929167122
rice,absorbance,100,12.5 mA,0.9503327462296862
rice,absorbance,100,12.5 mA,0.9475320688876224
rice,absorbance,100,12.5 mA,0.9437275513740213
rice,absorbance,100,12.5 mA,0.9517782332008832
rice,absorbance,100,12.5 mA,0.667972559734149
rice,absorbance,100,25 mA,0.5781074832479134
rice,absorbance,100,25 mA,0.6803753976811564
rice,absorbance,100,25 mA,0.9519892800151696
rice,absorbance,100,25 mA,0.9064123167465215
rice,absorbance,100,25 mA,0.9161307501860608
rice,absorbance,100,25 mA,0.9188296299556459
rice,absorbance,100,25 mA,0.6333051142421233
rice,absorbance,100,25 mA,0.9515125702533692
rice,absorbance,100,25 mA,0.6112123779326581
rice,absorbance,100,25 mA,0.9035201334845552
rice,absorbance,100,50 mA,0.8651948285015413
rice,absorbance,100,50 mA,0.8998241620542817
rice,absorbance,100,50 mA,0.6184207404250892
rice,absorbance,100,50 mA,0.9005594228966758
rice,absorbance,100,50 mA,0.7703096348819981
rice,absorbance,100,50 mA,0.8754237249073966
rice,absorbance,100,50 mA,0.9293764584370725
rice,absorbance,100,50 mA,0.9370089348549159
rice,absorbance,100,50 mA,0.881155262191019
rice,absorbance,100,50 mA,0.8983237856196857
rice,absorbance,150,12.5 mA,0.9440150209994842
rice,absorbance,150,12.5 mA,0.9228066848891283
rice,absorbance,150,12.5 mA,0.6891787802841753
rice,absorbance,150,12.5 mA,0.9377833335774532
rice,absorbance,150,12.5 mA,0.9113660880799679
rice,absorbance,150,12.5 mA,0.9479458912742191
rice,absorbance,150,12.5 mA,0.9569779670609418
rice,absorbance,150,12.5 mA,0.9030332335335035
rice,absorbance,150,12.5 mA,0.9262508581371462
rice,absorbance,150,12.5 mA,0.9503721098373107
rice,absorbance,150,25 mA,0.8904336578801492
rice,absorbance,150,25 mA,0.7387157648752662
rice,absorbance,150,25 mA,0.9446438149986723
rice,absorbance,150,25 mA,0.8916711872812905
rice,absorbance,150,25 mA,0.9241588271020665
rice,absorbance,150,25 mA,0.9019850533316425
rice,absorbance,150,25 mA,0.920084038751093
rice,absorbance,150,25 mA,0.9219306301415726
rice,absorbance,150,25 mA,0.9242557964760151
rice,absorbance,150,25 mA,0.9215088062591169
rice,absorbance,150,50 mA,0.8926996938014682
rice,absorbance,150,50 mA,0.9237986235567311
rice,absorbance,150,50 mA,0.9029654963901974
rice,absorbance,150,50 mA,0.9400632055991223
rice,absorbance,150,50 mA,0.8697400471248773
rice,absorbance,150,50 mA,0.9248486546292207
rice,absorbance,150,50 mA,0.9413451665083649
rice,absorbance,150,50 mA,0.8738461306574932
rice,absorbance,150,50 mA,0.9481535868980518
rice,absorbance,150,50 mA,0.919702628866685
sugarcane,raw,50,12.5 mA,0.835914282561787
sugarcane,raw,50,12.5 mA,0.8862103515284394
sugarcane,raw,50,12.5 mA,0.8818410819274611
sugarcane,raw,50,12.5 mA,0.8597271430911011
sugarcane,raw,50,12.5 mA,0.8502368171846035
sugarcane,raw,50,12.5 mA,0.8894289006197482
sugarcane,raw,50,12.5 mA,0.8435380643994116
sugarcane,raw,50,12.5 mA,0.8388381189953485
sugarcane,raw,50,12.5 mA,0.7942150131998575
sugarcane,raw,50,12.5 mA,0.7961624793340736
sugarcane,raw,50,25 mA,0.8122692080738045
sugarcane,raw,50,25 mA,0.8446910692251428
sugarcane,raw,50,25 mA,0.8388121968664838
sugarcane,raw,50,25 mA,0.8305953799888853
sugarcane,raw,50,25 mA,0.811439827686803
sugarcane,raw,50,25 mA,0.9071185101551169
sugarcane,raw,50,25 mA,0.8440795526161511
sugarcane,raw,50,25 mA,0.8521886455477753
sugarcane,raw,50,25 mA,0.8395432891087267
sugarcane,raw,50,25 mA,0.8225827978594243
sugarcane,raw,50,50 mA,0.6603343147137546
sugarcane,raw,50,50 mA,0.6908179094750313
sugarcane,raw,50,50 mA,0.7184818764953808
sugarcane,raw,50,50 mA,0.677101501974672
sugarcane,raw,50,50 mA,0.4439804581151655
sugarcane,raw,50,50 mA,0.7678602195209872
sugarcane,raw,50,50 mA,0.49736540492390213
sugarcane,raw,50,50 mA,0.6867636136813731
sugarcane,raw,50,50 mA,0.7448695632562639
sugarcane,raw,50,50 mA,0.6882550126784681
sugarcane,raw,100,12.5 mA,0.8722979251062479
sugarcane,raw,100,12.5 mA,0.8270341876728046
sugarcane,raw,100,12.5 mA,0.8609344090465307
sugarcane,raw,100,12.5 mA,0.8520477007814822
sugarcane,raw,100,12.5 mA,0.8402147728175714
sugarcane,raw,100,12.5 mA,0.9191099118936914
sugarcane,raw,100,12.5 mA,0.8820813982048582
sugarcane,raw,100,12.5 mA,0.8829753644351641
sugarcane,raw,100,12.5 mA,0.8772497334106178
sugarcane,raw,100,12.5 mA,0.8644573861194106
sugarcane,raw,100,25 mA,0.7278358068702746
sugarcane,raw,100,25 mA,0.55443796887454
sugarcane,raw,100,25 mA,0.6972953647968068
sugarcane,raw,100,25 mA,0.8730355351157726
sugarcane,raw,100,25 mA,0.8399723631841929
sugarcane,raw,100,25 mA,0.8174591914204121
sugarcane,raw,100,25 mA,0.8232437276283943
sugarcane,raw,100,25 mA,0.7079024386225203
sugarcane,raw,100,25 mA,0.8742456687824561
sugarcane,raw,100,25 mA,0.6320762331537257
sugarcane,raw,100,50 mA,0.7028945259922338
sugarcane,raw,100,50 mA,0.7244545247159235
sugarcane,raw,100,50 mA,0.4510556937995641
sugarcane,raw,100,50 mA,0.6042112637959849
sugarcane,raw,100,50 mA,0.6213482066820104
sugarcane,raw,100,50 mA,0.6745347321590611
sugarcane,raw,100,50 mA,0.5614113574610974
sugarcane,raw,100,50 mA,0.7732546939223088
sugarcane,raw,100,50 mA,0.7480264458473656
sugarcane,raw,100,50 mA,0.6986150240471454
sugarcane,raw,150,12.5 mA,0.8966544836276442
sugarcane,raw,150,12.5 mA,0.8464275281761962
sugarcane,raw,150,12.5 mA,0.8820429142847375
sugarcane,raw,150,12.5 mA,0.8563472802341903
sugarcane,raw,150,12.5 mA,0.8714083946566282
sugarcane,raw,150,12.5 mA,0.8215766675458904
sugarcane,raw,150,12.5 mA,0.8574856313325919
sugarcane,raw,150,12.5 mA,0.8878099586278597
sugarcane,raw,150,12.5 mA,0.8880975230731611
sugarcane,raw,150,12.5 mA,0.8497547336468165
sugarcane,raw,150,25 mA,0.7077038165358834
sugarcane,raw,150,25 mA,0.8511639380190001
sugarcane,raw,150,25 mA,0.8641933730027529
sugarcane,raw,150,25 mA,0.7780119083556064
sugarcane,raw,150,25 mA,0.7298993791062577
sugarcane,raw,150,25 mA,0.8251644906362356
sugarcane,raw,150,25 mA,0.8248934757137579
sugarcane,raw,150,25 mA,0.8276989468876503
sugarcane,raw,150,25 mA,0.808948415320071
sugarcane,raw,150,25 mA,0.7948238024698477
sugarcane,raw,150,50 mA,0.749210410648351
sugarcane,raw,150,50 mA,0.5869820090496041
sugarcane,raw,150,50 mA,0.4441810152501514
sugarcane,raw,150,50 mA,0.6968513983942952
sugarcane,raw,150,50 mA,0.6834658579080215
sugarcane,raw,150,50 mA,0.6121913583607344
sugarcane,raw,150,50 mA,0.6890207242085813
sugarcane,raw,150,50 mA,0.6385182375118071
sugarcane,raw,150,50 mA,0.7391923419069366
sugarcane,raw,150,50 mA,0.7339487722629014
sugarcane,reflectance,50,12.5 mA,0.8425309005071404
sugarcane,reflectance,50,12.5 mA,0.8870482145014712
sugarcane,reflectance,50,12.5 mA,0.8580213421559789
sugarcane,reflectance,50,12.5 mA,0.8346683423676171
sugarcane,reflectance,50,12.5 mA,0.8724826940481628
sugarcane,reflectance,50,12.5 mA,0.9037415896490392
sugarcane,reflectance,50,12.5 mA,0.8793278716114272
sugarcane,reflectance,50,12.5 mA,0.8024955175303061
sugarcane,reflectance,50,12.5 mA,0.8601276452073615
sugarcane,reflectance,50,12.5 mA,0.8496111106923642
sugarcane,reflectance,50,25 mA,0.8820003498938984
sugarcane,reflectance,50,25 mA,0.8803679476058691
sugarcane,reflectance,50,25 mA,0.9015290713099874
sugarcane,reflectance,50,25 mA,0.7642704589338366
sugarcane,reflectance,50,25 mA,0.914926698218129
sugarcane,reflectance,50,25 mA,0.8722822513463271
sugarcane,reflectance,50,25 mA,0.8144446254674933
sugarcane,reflectance,50,25 mA,0.8604201380366969
sugarcane,reflectance,50,25 mA,0.8291841996660674
sugarcane,reflectance,50,25 mA,0.8645243100321437
sugarcane,reflectance,50,50 mA,0.6727041372163016
sugarcane,reflectance,50,50 mA,0.6461014647506391
sugarcane,reflectance,50,50 mA,0.6489826916057917
sugarcane,reflectance,50,50 mA,0.7589610650323125
sugarcane,reflectance,50,50 mA,0.8358082690494404
sugarcane,reflectance,50,50 mA,0.6138937618031093
sugarcane,reflectance,50,50 mA,0.7578824377999148
sugarcane,reflectance,50,50 mA,0.28947162582005004
sugarcane,reflectance,50,50 mA,0.6654551611478593
sugarcane,reflectance,50,50 mA,0.8033436380201404
sugarcane,reflectance,100,12.5 mA,0.90626292666851
sugarcane,reflectance,100,12.5 mA,0.8689928684544346
sugarcane,reflectance,100,12.5 mA,0.8605789498800025
sugarcane,reflectance,100,12.5 mA,0.8831206635640331
sugarcane,reflectance,100,12.5 mA,0.8507980474072925
sugarcane,reflectance,100,12.5 mA,0.8357039866938653
sugarcane,reflectance,100,12.5 mA,0.8967269600338271
sugarcane,reflectance,100,12.5 mA,0.7736857488560009
sugarcane,reflectance,100,12.5 mA,0.8885628035121996
sugarcane,reflectance,100,12.5 mA,0.872710970354051
sugarcane,reflectance,100,25 mA,0.8612518812420314
sugarcane,reflectance,100,25 mA,0.829509853061138
sugarcane,reflectance,100,25 mA,0.8056559112339794
sugarcane,reflectance,100,25 mA,0.5415744458559204
sugarcane,reflectance,100,25 mA,0.7981071522256877
sugarcane,reflectance,100,25 mA,0.8152820895216566
sugarcane,reflectance,100,25 mA,0.8729195586062076
sugarcane,reflectance,100,25 mA,0.8873110807117791
sugarcane,reflectance,100,25 mA,0.6629268031178334
sugarcane,reflectance,100,25 mA,0.8452773413157968
sugarcane,reflectance,100,50 mA,0.6871660248582665
sugarcane,reflectance,100,50 mA,0.6534015735889781
sugarcane,reflectance,100,50 mA,0.7572546642982952
sugarcane,reflectance,100,50 mA,0.5960561100857186
sugarcane,reflectance,100,50 mA,0.7269161363073492
sugarcane,reflectance,100,50 mA,0.6483256727407378
sugarcane,reflectance,100,50 mA,0.5981337530022373
sugarcane,reflectance,100,50 mA,0.704188675358911
sugarcane,reflectance,100,50 mA,0.5520555842985561
sugarcane,reflectance,100,50 mA,0.7794860897934544
sugarcane,reflectance,150,12.5 mA,0.8504739655729511
sugarcane,reflectance,150,12.5 mA,0.8388256887542123
sugarcane,reflectance,150,12.5 mA,0.796440815564553
sugarcane,reflectance,150,12.5 mA,0.900022080901134
sugarcane,reflectance,150,12.5 mA,0.8547378804441932
sugarcane,reflectance,150,12.5 mA,0.8360317788884004
sugarcane,reflectance,150,12.5 mA,0.8845257645752864
sugarcane,reflectance,150,12.5 mA,0.8611499814337092
sugarcane,reflectance,150,12.5 mA,0.7958138400091699
sugarcane,reflectance,150,12.5 mA,0.8479589664579708
sugarcane,reflectance,150,25 mA,0.7962866355229279
sugarcane,reflectance,150,25 mA,0.8081253178193255
sugarcane,reflectance,150,25 mA,0.8448427237993326
sugarcane,reflectance,150,25 mA,0.8718496539439711
sugarcane,reflectance,150,25 mA,0.7702270506061525
sugarcane,reflectance,150,25 mA,0.8401740660307663
sugarcane,reflectance,150,25 mA,0.8548208840612959
sugarcane,reflectance,150,25 mA,0.8477406693187014
sugarcane,reflectance,150,25 mA,0.8564006075941842
sugarcane,reflectance,150,25 mA,0.8263219269588724
sugarcane,reflectance,150,50 mA,0.6663942696240654
sugarcane,reflectance,150,50 mA,0.6212834002128964
sugarcane,reflectance,150,50 mA,0.6485650994334629
sugarcane,reflectance,150,50 mA,0.806882469828544
sugarcane,reflectance,150,50 mA,0.7018755386042275
sugarcane,reflectance,150,50 mA,0.7506254763944957
sugarcane,reflectance,150,50 mA,0.735251777802036
sugarcane,reflectance,150,50 mA,0.67201354295002
sugarcane,reflectance,150,50 mA,0.48836676567215564
sugarcane,reflectance,150,50 mA,0.7296096914486143
sugarcane,absorbance,50,12.5 mA,0.8960836667423263
sugarcane,absorbance,50,12.5 mA,0.9167996616576618
sugarcane,absorbance,50,12.5 mA,0.8521337851543731
sugarcane,absorbance,50,12.5 mA,0.8984360802318713
sugarcane,absorbance,50,12.5 mA,0.8689620852418058
sugarcane,absorbance,50,12.5 mA,0.9370621121830491
sugarcane,absorbance,50,12.5 mA,0.8441671742875314
sugarcane,absorbance,50,12.5 mA,0.9091727844868265
sugarcane,absorbance,50,12.5 mA,0.8745053344239191
sugarcane,absorbance,50,12.5 mA,0.8851229563186401
sugarcane,absorbance,50,25 mA,0.8401455792818457
sugarcane,absorbance,50,25 mA,0.8570117964525855
sugarcane,absorbance,50,25 mA,0.874615652431869
sugarcane,absorbance,50,25 mA,0.8331565151782252
sugarcane,absorbance,50,25 mA,0.9036159962631078
sugarcane,absorbance,50,25 mA,0.889198505036962
sugarcane,absorbance,50,25 mA,0.9484423941152335
sugarcane,absorbance,50,25 mA,0.7825832278827396
sugarcane,absorbance,50,25 mA,0.8374628747286138
sugarcane,absorbance,50,25 mA,0.8630426275435474
sugarcane,absorbance,50,50 mA,0.7735960565880493
sugarcane,absorbance,50,50 mA,0.5481229345794811
sugarcane,absorbance,50,50 mA,0.6994136867060852
sugarcane,absorbance,50,50 mA,0.49745237610288306
sugarcane,absorbance,50,50 mA,0.38168200165691835
sugarcane,absorbance,50,50 mA,0.7025050941493998
sugarcane,absorbance,50,50 mA,0.7955275419008916
sugarcane,absorbance,50,50 mA,0.5175081157224026
sugarcane,absorbance,50,50 mA,0.5543944489421748
sugarcane,absorbance,50,50 mA,0.7465732924953355
sugarcane,absorbance,100,12.5 mA,0.8700707206357479
sugarcane,absorbance,100,12.5 mA,0.865447658347713
sugarcane,absorbance,100,12.5 mA,0.8409645123029947
sugarcane,absorbance,100,12.5 mA,0.8922584099628927
sugarcane,absorbance,100,12.5 mA,0.8309435893834184
sugarcane,absorbance,100,12.5 mA,0.8762263550193989
sugarcane,absorbance,100,12.5 mA,0.9118044710935692
sugarcane,absorbance,100,12.5 mA,0.8694615036084188
sugarcane,absorbance,100,12.5 mA,0.8410393901746842
sugarcane,absorbance,100,12.5 mA,0.8256858965137024
sugarcane,absorbance,100,25 mA,0.7256725015157222
sugarcane,absorbance,100,25 mA,0.5535407602046087
sugarcane,absorbance,100,25 mA,0.5289140727864372
sugarcane,absorbance,100,25 mA,0.8363934791114902
sugarcane,absorbance,100,25 mA,0.8480916827262676
sugarcane,absorbance,100,25 mA,0.8726277948187445
sugarcane,absorbance,100,25 mA,0.860759056380167
sugarcane,absorbance,100,25 mA,0.8226868397564988
sugarcane,absorbance,100,25 mA,0.8339243676510821
sugarcane,absorbance,100,25 mA,0.6191081900405515
sugarcane,absorbance,100,50 mA,0.646702614073825
sugarcane,absorbance,100,50 mA,0.7286911434788261
sugarcane,absorbance,100,50 mA,0.7696023907950199
sugarcane,absorbance,100,50 mA,0.5581147869068137
sugarcane,absorbance,100,50 mA,0.6004917479522666
sugarcane,absorbance,100,50 mA,0.783253846727475
sugarcane,absorbance,100,50 mA,0.7881212871451211
sugarcane,absorbance,100,50 mA,0.7406402151369229
sugarcane,absorbance,100,50 mA,0.7411725101352247
sugarcane,absorbance,100,50 mA,0.6371996644102618
sugarcane,absorbance,150,12.5 mA,0.8776087085629709
sugarcane,absorbance,150,12.5 mA,0.8562865455051213
sugarcane,absorbance,150,12.5 mA,0.8144997150617914
sugarcane,absorbance,150,12.5 mA,0.7972917701757813
sugarcane,absorbance,150,12.5 mA,0.8422705677332116
sugarcane,absorbance,150,12.5 mA,0.8643521954859235
sugarcane,absorbance,150,12.5 mA,0.8640788475575518
sugarcane,absorbance,150,12.5 mA,0.8792559292600526
sugarcane,absorbance,150,12.5 mA,0.8666161005830315
sugarcane,absorbance,150,12.5 mA,0.8973434861909809
sugarcane,absorbance,150,25 mA,0.8978655262227669
sugarcane,absorbance,150,25 mA,0.8610003893165304
sugarcane,absorbance,150,25 mA,0.8839455904803116
sugarcane,absorbance,150,25 mA,0.7779629405989618
sugarcane,absorbance,150,25 mA,0.8090444237223348
sugarcane,absorbance,150,25 mA,0.8469312272986191
sugarcane,absorbance,150,25 mA,0.8934149278279551
sugarcane,absorbance,150,25 mA,0.7703327421615224
sugarcane,absorbance,150,25 mA,0.913016997205784
sugarcane,absorbance,150,25 mA,0.8908267441917848
sugarcane,absorbance,150,50 mA,0.6431212886417523
sugarcane,absorbance,150,50 mA,0.6999111652879462
sugarcane,absorbance,150,50 mA,0.5354823009996377
sugarcane,absorbance,150,50 mA,0.8174231300086094
sugarcane,absorbance,150,50 mA,0.8333187762085793
sugarcane,absorbance,150,50 mA,0.7034834149455234
sugarcane,absorbance,150,50 mA,0.8324453209321615
sugarcane,absorbance,150,50 mA,0.6788117801831232
sugarcane,absorbance,150,50 mA,0.5820878088320394
sugarcane,absorbance,150,50 mA,0.6035795072595748
